TeamName,Country,Discipline,Events
People's Republic of China,China,Archery,Men's Team
Colombia,Colombia,Archery,Men's Team
France,France,Archery,Men's Team
Great Britain,Great Britain,Archery,Men's Team
India,India,Archery,Men's Team
Italy,Italy,Archery,Men's Team
Japan,Japan,Archery,Men's Team
Kazakhstan,Kazakhstan,Archery,Men's Team
Republic of Korea,Korea,Archery,Men's Team
Mexico,Mexico,Archery,Men's Team
Chinese Taipei,Chinese Taipei,Archery,Men's Team
Türkiye,Türkiye,Archery,Men's Team
People's Republic of China,China,Archery,Women's Team
France,France,Archery,Women's Team
Great Britain,Great Britain,Archery,Women's Team
Germany,Germany,Archery,Women's Team
Indonesia,Indonesia,Archery,Women's Team
India,India,Archery,Women's Team
Republic of Korea,Korea,Archery,Women's Team
Malaysia,Malaysia,Archery,Women's Team
Mexico,Mexico,Archery,Women's Team
Netherlands,Netherlands,Archery,Women's Team
Chinese Taipei,Chinese Taipei,Archery,Women's Team
United States of America,United States,Archery,Women's Team
Australia,Australia,Archery,Mixed Team
Brazil,Brazil,Archery,Mixed Team
Canada,Canada,Archery,Mixed Team
People's Republic of China,China,Archery,Mixed Team
Colombia,Colombia,Archery,Mixed Team
Czechia,Czechia,Archery,Mixed Team
Egypt,Egypt,Archery,Mixed Team
Spain,Spain,Archery,Mixed Team
France,France,Archery,Mixed Team
Great Britain,Great Britain,Archery,Mixed Team
Germany,Germany,Archery,Mixed Team
Indonesia,Indonesia,Archery,Mixed Team
India,India,Archery,Mixed Team
Israel,Israel,Archery,Mixed Team
Italy,Italy,Archery,Mixed Team
Japan,Japan,Archery,Mixed Team
Republic of Korea,Korea,Archery,Mixed Team
Republic of Moldova,Republic of Moldova,Archery,Mixed Team
Mexico,Mexico,Archery,Mixed Team
Netherlands,Netherlands,Archery,Mixed Team
Slovenia,Slovenia,Archery,Mixed Team
Chinese Taipei,Chinese Taipei,Archery,Mixed Team
Türkiye,Türkiye,Archery,Mixed Team
Ukraine,Ukraine,Archery,Mixed Team
United States of America,United States,Archery,Mixed Team
Uzbekistan,Uzbekistan,Archery,Mixed Team
Vietnam,Vietnam,Archery,Mixed Team
Australia,Australia,Athletics,Men's 4 x 100m Relay
Brazil,Brazil,Athletics,Men's 4 x 100m Relay
Canada,Canada,Athletics,Men's 4 x 100m Relay
People's Republic of China,China,Athletics,Men's 4 x 100m Relay
France,France,Athletics,Men's 4 x 100m Relay
Great Britain,Great Britain,Athletics,Men's 4 x 100m Relay
Germany,Germany,Athletics,Men's 4 x 100m Relay
Ghana,Ghana,Athletics,Men's 4 x 100m Relay
Italy,Italy,Athletics,Men's 4 x 100m Relay
Jamaica,Jamaica,Athletics,Men's 4 x 100m Relay
Japan,Japan,Athletics,Men's 4 x 100m Relay
Liberia,Liberia,Athletics,Men's 4 x 100m Relay
Netherlands,Netherlands,Athletics,Men's 4 x 100m Relay
Nigeria,Nigeria,Athletics,Men's 4 x 100m Relay
South Africa,South Africa,Athletics,Men's 4 x 100m Relay
United States of America,United States,Athletics,Men's 4 x 100m Relay
Belgium,Belgium,Athletics,Men's 4 x 400m Relay
Botswana,Botswana,Athletics,Men's 4 x 400m Relay
Brazil,Brazil,Athletics,Men's 4 x 400m Relay
Spain,Spain,Athletics,Men's 4 x 400m Relay
France,France,Athletics,Men's 4 x 400m Relay
Great Britain,Great Britain,Athletics,Men's 4 x 400m Relay
Germany,Germany,Athletics,Men's 4 x 400m Relay
India,India,Athletics,Men's 4 x 400m Relay
Italy,Italy,Athletics,Men's 4 x 400m Relay
Japan,Japan,Athletics,Men's 4 x 400m Relay
Nigeria,Nigeria,Athletics,Men's 4 x 400m Relay
Poland,Poland,Athletics,Men's 4 x 400m Relay
South Africa,South Africa,Athletics,Men's 4 x 400m Relay
Trinidad and Tobago,Trinidad and Tobago,Athletics,Men's 4 x 400m Relay
United States of America,United States,Athletics,Men's 4 x 400m Relay
Zambia,Zambia,Athletics,Men's 4 x 400m Relay
Australia,Australia,Athletics,Women's 4 x 100m Relay
Belgium,Belgium,Athletics,Women's 4 x 100m Relay
Canada,Canada,Athletics,Women's 4 x 100m Relay
Côte d'Ivoire,Côte d'Ivoire,Athletics,Women's 4 x 100m Relay
Spain,Spain,Athletics,Women's 4 x 100m Relay
France,France,Athletics,Women's 4 x 100m Relay
Great Britain,Great Britain,Athletics,Women's 4 x 100m Relay
Germany,Germany,Athletics,Women's 4 x 100m Relay
Italy,Italy,Athletics,Women's 4 x 100m Relay
Jamaica,Jamaica,Athletics,Women's 4 x 100m Relay
Netherlands,Netherlands,Athletics,Women's 4 x 100m Relay
Nigeria,Nigeria,Athletics,Women's 4 x 100m Relay
Poland,Poland,Athletics,Women's 4 x 100m Relay
Switzerland,Switzerland,Athletics,Women's 4 x 100m Relay
Trinidad and Tobago,Trinidad and Tobago,Athletics,Women's 4 x 100m Relay
United States of America,United States,Athletics,Women's 4 x 100m Relay
Belgium,Belgium,Athletics,Women's 4 x 400m Relay
Canada,Canada,Athletics,Women's 4 x 400m Relay
Cuba,Cuba,Athletics,Women's 4 x 400m Relay
Spain,Spain,Athletics,Women's 4 x 400m Relay
France,France,Athletics,Women's 4 x 400m Relay
Great Britain,Great Britain,Athletics,Women's 4 x 400m Relay
Germany,Germany,Athletics,Women's 4 x 400m Relay
India,India,Athletics,Women's 4 x 400m Relay
Ireland,Ireland,Athletics,Women's 4 x 400m Relay
Italy,Italy,Athletics,Women's 4 x 400m Relay
Jamaica,Jamaica,Athletics,Women's 4 x 400m Relay
Netherlands,Netherlands,Athletics,Women's 4 x 400m Relay
Norway,Norway,Athletics,Women's 4 x 400m Relay
Poland,Poland,Athletics,Women's 4 x 400m Relay
Switzerland,Switzerland,Athletics,Women's 4 x 400m Relay
United States of America,United States,Athletics,Women's 4 x 400m Relay
COWLEY R / MONTAG J,Australia,Athletics,Marathon Race Walk Relay Mixed
TINGAY D / HENDERSON R,Australia,Athletics,Marathon Race Walk Relay Mixed
BONFIM C / LYRA V,Brazil,Athletics,Marathon Race Walk Relay Mixed
DUNFEE E / LUNDMAN O,Canada,Athletics,Marathon Race Walk Relay Mixed
ZHANG Jun / YANG Jiayu,China,Athletics,Marathon Race Walk Relay Mixed
HE X / QIEYANG S,China,Athletics,Marathon Race Walk Relay Mixed
ROMERO M / ARENAS L,Colombia,Athletics,Marathon Race Walk Relay Mixed
HERRERA/MOJICA CHALARCA,Colombia,Athletics,Marathon Race Walk Relay Mixed
HLAVAC V / MARTINKOVA E,Czechia,Athletics,Marathon Race Walk Relay Mixed
PINTADO BD / MOREJON G,Ecuador,Athletics,Marathon Race Walk Relay Mixed
LOPEZ MA / MONTESINOS C,Spain,Athletics,Marathon Race Walk Relay Mixed
MARTIN A / PEREZ M,Spain,Athletics,Marathon Race Walk Relay Mixed
QUINION A / BERETTA C,France,Athletics,Marathon Race Walk Relay Mixed
LINKE C / FEIGE S,Germany,Athletics,Marathon Race Walk Relay Mixed
VENYERCSAN B / RECSEI R,Hungary,Athletics,Marathon Race Walk Relay Mixed
PANWAR Suraj / PRIYANKA,India,Athletics,Marathon Race Walk Relay Mixed
STANO M / PALMISANO A,Italy,Athletics,Marathon Race Walk Relay Mixed
KAWANO M / OKADA K,Japan,Athletics,Marathon Race Walk Relay Mixed
TAKAHASHI K / YANAI A,Japan,Athletics,Marathon Race Walk Relay Mixed
PALMA OLIVARES/GONZALEZ,Mexico,Athletics,Marathon Race Walk Relay Mixed
RODRIGUEZ/GARCIA LEON,Peru,Athletics,Marathon Race Walk Relay Mixed
BEN HLIMA M / CHOJECKA O,Poland,Athletics,Marathon Race Walk Relay Mixed
CERNY D / BURZALOVA H,Slovakia,Athletics,Marathon Race Walk Relay Mixed
DEMIR M / TEKDAL A,Türkiye,Athletics,Marathon Race Walk Relay Mixed
BANZERUK I / OLYANOVSKA L,Ukraine,Athletics,Marathon Race Walk Relay Mixed
Bahamas,Bahamas,Athletics,4 x 400m Relay Mixed
Belgium,Belgium,Athletics,4 x 400m Relay Mixed
Dominican Republic,Dominican Republic,Athletics,4 x 400m Relay Mixed
France,France,Athletics,4 x 400m Relay Mixed
Great Britain,Great Britain,Athletics,4 x 400m Relay Mixed
Germany,Germany,Athletics,4 x 400m Relay Mixed
Ireland,Ireland,Athletics,4 x 400m Relay Mixed
Italy,Italy,Athletics,4 x 400m Relay Mixed
Jamaica,Jamaica,Athletics,4 x 400m Relay Mixed
Kenya,Kenya,Athletics,4 x 400m Relay Mixed
Netherlands,Netherlands,Athletics,4 x 400m Relay Mixed
Nigeria,Nigeria,Athletics,4 x 400m Relay Mixed
Poland,Poland,Athletics,4 x 400m Relay Mixed
Switzerland,Switzerland,Athletics,4 x 400m Relay Mixed
Ukraine,Ukraine,Athletics,4 x 400m Relay Mixed
United States of America,United States,Athletics,4 x 400m Relay Mixed
DONG Adam / YAKURA Nyl,Canada,Badminton,Men's Doubles
LIU Yu Chen / OU Xuan Yi,China,Badminton,Men's Doubles
LIANG Wei Keng / WANG Chang,China,Badminton,Men's Doubles
KRAL Ondrej / MENDREK Adam,Czechia,Badminton,Men's Doubles
ASTRUP Kim / RASMUSSEN Anders Skaarup,Denmark,Badminton,Men's Doubles
POPOV Christo / POPOV Toma Junior,France,Badminton,Men's Doubles
CORVEE Lucas / LABAR Ronan,France,Badminton,Men's Doubles
LANE Ben / VENDY Sean,Great Britain,Badminton,Men's Doubles
LAMSFUSS Mark / SEIDEL Marvin,Germany,Badminton,Men's Doubles
ALFIAN Fajar / ARDIANTO Muhammad Rian,Indonesia,Badminton,Men's Doubles
RANKIREDDY Satwiksairaj / SHETTY Chirag,India,Badminton,Men's Doubles
HOKI Takuro / KOBAYASHI Yugo,Japan,Badminton,Men's Doubles
KANG Min Hyuk / SEO Seung Jae,Korea,Badminton,Men's Doubles
CHIA Aaron / SOH Wooi Yik,Malaysia,Badminton,Men's Doubles
JOMKOH Supak / KEDREN Kittinupong,Thailand,Badminton,Men's Doubles
LEE Yang / WANG Chi-Lin,Chinese Taipei,Badminton,Men's Doubles
CHIU Vinson / YUAN Joshua,United States,Badminton,Men's Doubles
MAPASA Setyana / YU Angela,Australia,Badminton,Women's Doubles
STOEVA Gabriela / STOEVA Stefani,Bulgaria,Badminton,Women's Doubles
LIU Sheng Shu / TAN Ning,China,Badminton,Women's Doubles
CHEN Qing Chen / JIA Yi Fan,China,Badminton,Women's Doubles
FRUERGAARD Maiken / THYGESEN Sara,Denmark,Badminton,Women's Doubles
LAMBERT Margot / TRAN Anne,France,Badminton,Women's Doubles
YEUNG Nga Ting / YEUNG Pui Lam,"Hong Kong, China",Badminton,Women's Doubles
RAHAYU Apriyani / RAMADHANTI Siti Fadia Silva,Indonesia,Badminton,Women's Doubles
CRASTO Tanisha / PONNAPPA Ashwini,India,Badminton,Women's Doubles
MATSUYAMA Nami / SHIDA Chiharu,Japan,Badminton,Women's Doubles
MATSUMOTO Mayu / NAGAHARA Wakana,Japan,Badminton,Women's Doubles
BAEK Ha Na / LEE So Hee,Korea,Badminton,Women's Doubles
KIM So Yeong / KONG Hee Yong,Korea,Badminton,Women's Doubles
TAN Pearly / THINAAH Muralitharan,Malaysia,Badminton,Women's Doubles
KITITHARAKUL Jongkolphan / PRAJONGJAI Rawinda,Thailand,Badminton,Women's Doubles
XU Annie / XU Kerry,United States,Badminton,Women's Doubles
MAMMERI Koceila / MAMMERI Tanina Violette,Algeria,Badminton,Mixed Doubles
FENG Yan Zhe / HUANG Dong Ping,China,Badminton,Mixed Doubles
ZHENG Si Wei / HUANG Ya Qiong,China,Badminton,Mixed Doubles
CHRISTIANSEN Mathias / BOEJE Alexandra,Denmark,Badminton,Mixed Doubles
GICQUEL Thom / DELRUE Delphine,France,Badminton,Mixed Doubles
TANG Chun Man / TSE Ying Suet,"Hong Kong, China",Badminton,Mixed Doubles
RIVALDY Rinov / MENTARI Pitha Haningtyas,Indonesia,Badminton,Mixed Doubles
WATANABE Yuta / HIGASHINO Arisa,Japan,Badminton,Mixed Doubles
SEO Seung Jae / CHAE Yu Jung,Korea,Badminton,Mixed Doubles
KIM Won Ho / JEONG Na Eun,Korea,Badminton,Mixed Doubles
CHEN Tang Jie / TOH Ee Wei,Malaysia,Badminton,Mixed Doubles
TABELING Robin / PIEK Selena,Netherlands,Badminton,Mixed Doubles
HEE Yong Kai Terry / TAN Wei Han Jessica,Singapore,Badminton,Mixed Doubles
PUAVARANUKROH Dechapol / TAERATTANACHAI Sapsiree,Thailand,Badminton,Mixed Doubles
YE Hong Wei / LEE Chia Hsin,Chinese Taipei,Badminton,Mixed Doubles
CHIU Vinson / GAI Jennie,United States,Badminton,Mixed Doubles
People's Republic of China,China,3x3 Basketball,Men
France,France,3x3 Basketball,Men
Latvia,Latvia,3x3 Basketball,Men
Lithuania,Lithuania,3x3 Basketball,Men
Netherlands,Netherlands,3x3 Basketball,Men
Poland,Poland,3x3 Basketball,Men
Serbia,Serbia,3x3 Basketball,Men
United States of America,United States,3x3 Basketball,Men
Australia,Australia,3x3 Basketball,Women
Azerbaijan,Azerbaijan,3x3 Basketball,Women
Canada,Canada,3x3 Basketball,Women
People's Republic of China,China,3x3 Basketball,Women
Spain,Spain,3x3 Basketball,Women
France,France,3x3 Basketball,Women
Germany,Germany,3x3 Basketball,Women
United States of America,United States,3x3 Basketball,Women
Australia,Australia,Basketball,Men
Brazil,Brazil,Basketball,Men
Canada,Canada,Basketball,Men
Spain,Spain,Basketball,Men
France,France,Basketball,Men
Germany,Germany,Basketball,Men
Greece,Greece,Basketball,Men
Japan,Japan,Basketball,Men
Puerto Rico,Puerto Rico,Basketball,Men
Serbia,Serbia,Basketball,Men
South Sudan,South Sudan,Basketball,Men
United States of America,United States,Basketball,Men
Australia,Australia,Basketball,Women
Belgium,Belgium,Basketball,Women
Canada,Canada,Basketball,Women
People's Republic of China,China,Basketball,Women
Spain,Spain,Basketball,Women
France,France,Basketball,Women
Germany,Germany,Basketball,Women
Japan,Japan,Basketball,Women
Nigeria,Nigeria,Basketball,Women
Puerto Rico,Puerto Rico,Basketball,Women
Serbia,Serbia,Basketball,Women
United States of America,United States,Basketball,Women
PETROV Zakhar / KOROVASHKOV Alexey,AIN,Canoe Sprint,Men's Canoe Double 500m
ANTONIO Manuel / SANDA Benilson,Angola,Canoe Sprint,Men's Canoe Double 500m
NASCIMENTO GODMANN Jacky Jamael / GUIMARAES QUEIROZ Isaquias,Brazil,Canoe Sprint,Men's Canoe Double 500m
LIU Hao / JI Bowen,China,Canoe Sprint,Men's Canoe Double 500m
FUKSA Petr / FUKSA Martin,Czechia,Canoe Sprint,Men's Canoe Double 500m
MORENO Joan Antoni / DOMINGUEZ Diego,Spain,Canoe Sprint,Men's Canoe Double 500m
LEONARD Loic / BART Adrien,France,Canoe Sprint,Men's Canoe Double 500m
KRETSCHMER Peter / HECKER Tim,Germany,Canoe Sprint,Men's Canoe Double 500m
ADOLF Balazs / HAJDU Jonatan Daniel,Hungary,Canoe Sprint,Men's Canoe Double 500m
CASADEI Gabriele / TACCHINI Carlo,Italy,Canoe Sprint,Men's Canoe Double 500m
YEMELYANOV Sergey / KHAIDAROV Timur,Kazakhstan,Canoe Sprint,Men's Canoe Double 500m
BROWN Max / CLANCY Grant,New Zealand,Canoe Sprint,Men's Canoe Double 500m
SPRINCEAN Ilie / NUTA Oleg,Romania,Canoe Sprint,Men's Canoe Double 500m
van der WESTHUYZEN Jean / GREEN Tom,Australia,Canoe Sprint,Men's Kayak Double 500m
POULIN Pierre-Luc / McTAVISH Simon,Canada,Canoe Sprint,Men's Kayak Double 500m
BU Tingkai / ZHANG Dong,China,Canoe Sprint,Men's Kayak Double 500m
SPICAR Jakub / HAVEL Daniel,Czechia,Canoe Sprint,Men's Kayak Double 500m
AREVALO Carlos / GERMADE Rodrigo,Spain,Canoe Sprint,Men's Kayak Double 500m
del RIO Adrian / COOPER Marcus,Spain,Canoe Sprint,Men's Kayak Double 500m
SCHOPF Jacob / LEMKE Max,Germany,Canoe Sprint,Men's Kayak Double 500m
RENDSCHMIDT Max / LIEBSCHER-LUCZ Tom,Germany,Canoe Sprint,Men's Kayak Double 500m
NADAS Bence / TOTKA Sandor,Hungary,Canoe Sprint,Men's Kayak Double 500m
KOPASZ Balint / VARGA Adam,Hungary,Canoe Sprint,Men's Kayak Double 500m
RAMATULLA Bekarys / TOKARNYTSKYI Sergii,Kazakhstan,Canoe Sprint,Men's Kayak Double 500m
MALDONIS Mindaugas / OLIJNIK Andrej,Lithuania,Canoe Sprint,Men's Kayak Double 500m
LEGARTH Hamish / IMRIE Kurtis,New Zealand,Canoe Sprint,Men's Kayak Double 500m
STEPUN Jakub / KORSAK Przemyslaw,Poland,Canoe Sprint,Men's Kayak Double 500m
RIBEIRO Joao / BAPTISTA Messias,Portugal,Canoe Sprint,Men's Kayak Double 500m
LOVEMORE Hamish / BIRKETT Andrew James,South Africa,Canoe Sprint,Men's Kayak Double 500m
DZOMBETA Andjelo / TORUBAROV Vladimir,Serbia,Canoe Sprint,Men's Kayak Double 500m
NOVAKOVIC Marko / DRAGOSAVLJEVIC Marko,Serbia,Canoe Sprint,Men's Kayak Double 500m
KUKHARYK Oleh / TRUNOV Ihor,Ukraine,Canoe Sprint,Men's Kayak Double 500m
ECKER Jonas / SMALL Aaron,United States,Canoe Sprint,Men's Kayak Double 500m
Australia,Australia,Canoe Sprint,Men's Kayak Four 500m
Canada,Canada,Canoe Sprint,Men's Kayak Four 500m
People's Republic of China,China,Canoe Sprint,Men's Kayak Four 500m
Denmark,Denmark,Canoe Sprint,Men's Kayak Four 500m
Spain,Spain,Canoe Sprint,Men's Kayak Four 500m
Germany,Germany,Canoe Sprint,Men's Kayak Four 500m
Hungary,Hungary,Canoe Sprint,Men's Kayak Four 500m
Lithuania,Lithuania,Canoe Sprint,Men's Kayak Four 500m
New Zealand,New Zealand,Canoe Sprint,Men's Kayak Four 500m
Serbia,Serbia,Canoe Sprint,Men's Kayak Four 500m
Ukraine,Ukraine,Canoe Sprint,Men's Kayak Four 500m
MACKENZIE Sloan / VINCENT Katie,Canada,Canoe Sprint,Women's Canoe Double 500m
MAILLIARD Maria Jose / GOMEZ Paula,Chile,Canoe Sprint,Women's Canoe Double 500m
XU Shixiao / SUN Mengya,China,Canoe Sprint,Women's Canoe Double 500m
CIRILO DUBOYS Yarisleidis / LOPEZ LAMADRID Yinnoly Francheska,Cuba,Canoe Sprint,Women's Canoe Double 500m
JACOME Antia / CORBERA Maria,Spain,Canoe Sprint,Women's Canoe Double 500m
RENARD Axelle / DORANGE Eugenie,France,Canoe Sprint,Women's Canoe Double 500m
JAHN Lisa / KLIEMKE Hedi Moana,Germany,Canoe Sprint,Women's Canoe Double 500m
KISS Agnes Anna / NAGY Bianka,Hungary,Canoe Sprint,Women's Canoe Double 500m
BROVKOVA Mariya / ISKAKOVA Rufina,Kazakhstan,Canoe Sprint,Women's Canoe Double 500m
COCIU Daniela / OLARASU Maria,Republic of Moldova,Canoe Sprint,Women's Canoe Double 500m
BELLO Ayomide Powei / OTUEDO Beauty Akinaere,Nigeria,Canoe Sprint,Women's Canoe Double 500m
SZCZERBINSKA Sylwia / BOROWSKA Dorota,Poland,Canoe Sprint,Women's Canoe Double 500m
LUZAN Liudmyla / RYBACHOK Anastasiia,Ukraine,Canoe Sprint,Women's Canoe Double 500m
BEERE Ella / BULL Aly,Australia,Canoe Sprint,Women's Kayak Double 500m
PETERS Hermien / BROEKX Lize,Belgium,Canoe Sprint,Women's Kayak Double 500m
STOTT Courtney / DAVISON Natalie,Canada,Canoe Sprint,Women's Kayak Double 500m
YU Shimeng / CHEN Yule,China,Canoe Sprint,Women's Kayak Double 500m
JORGENSEN Emma Aastrand / MATTHIESEN Frederikke Hauge,Denmark,Canoe Sprint,Women's Kayak Double 500m
GARCIA OTERO Carolina / OUZANDE Sara,Spain,Canoe Sprint,Women's Kayak Double 500m
HOSTENS Manon / PAOLETTI Vanina,France,Canoe Sprint,Women's Kayak Double 500m
PASZEK Paulina / HAKE Jule Marie,Germany,Canoe Sprint,Women's Kayak Double 500m
ROEHLINGS Lena / JAGSCH Pauline,Germany,Canoe Sprint,Women's Kayak Double 500m
CSIPES Tamara / GAZSO Alida Dora,Hungary,Canoe Sprint,Women's Kayak Double 500m
PUPP Noemi / FOJT Sara,Hungary,Canoe Sprint,Women's Kayak Double 500m
ALANIS MORALES Karina / BRIONES FRAGOZA Beatriz,Mexico,Canoe Sprint,Women's Kayak Double 500m
KONIJN Selma / VORSSELMAN Ruth,Netherlands,Canoe Sprint,Women's Kayak Double 500m
VIRIK Maria / SLETSJOEE Anna Margrete,Norway,Canoe Sprint,Women's Kayak Double 500m
CARRINGTON Lisa / HOSKIN Alicia,New Zealand,Canoe Sprint,Women's Kayak Double 500m
FISHER Aimee / MATEHAERE Lucy,New Zealand,Canoe Sprint,Women's Kayak Double 500m
KLATT Martyna / WISNIEWSKA Helena,Poland,Canoe Sprint,Women's Kayak Double 500m
NAJA Karolina / PULAWSKA Anna,Poland,Canoe Sprint,Women's Kayak Double 500m
KOCH Tiffany Amber / OLIVIER Esti,South Africa,Canoe Sprint,Women's Kayak Double 500m
STENSILS Linnea / WIKBERG Moa,Sweden,Canoe Sprint,Women's Kayak Double 500m
Australia,Australia,Canoe Sprint,Women's Kayak Four 500m
Canada,Canada,Canoe Sprint,Women's Kayak Four 500m
People's Republic of China,China,Canoe Sprint,Women's Kayak Four 500m
Spain,Spain,Canoe Sprint,Women's Kayak Four 500m
Germany,Germany,Canoe Sprint,Women's Kayak Four 500m
Hungary,Hungary,Canoe Sprint,Women's Kayak Four 500m
Norway,Norway,Canoe Sprint,Women's Kayak Four 500m
New Zealand,New Zealand,Canoe Sprint,Women's Kayak Four 500m
Poland,Poland,Canoe Sprint,Women's Kayak Four 500m
Serbia,Serbia,Canoe Sprint,Women's Kayak Four 500m
Australia,Australia,Cycling Track,Men's Madison
Austria,Austria,Cycling Track,Men's Madison
Belgium,Belgium,Cycling Track,Men's Madison
Canada,Canada,Cycling Track,Men's Madison
Czechia,Czechia,Cycling Track,Men's Madison
Denmark,Denmark,Cycling Track,Men's Madison
Spain,Spain,Cycling Track,Men's Madison
France,France,Cycling Track,Men's Madison
Great Britain,Great Britain,Cycling Track,Men's Madison
Germany,Germany,Cycling Track,Men's Madison
Italy,Italy,Cycling Track,Men's Madison
Japan,Japan,Cycling Track,Men's Madison
Netherlands,Netherlands,Cycling Track,Men's Madison
New Zealand,New Zealand,Cycling Track,Men's Madison
Portugal,Portugal,Cycling Track,Men's Madison
Australia,Australia,Cycling Track,Men's Team Pursuit
Belgium,Belgium,Cycling Track,Men's Team Pursuit
Canada,Canada,Cycling Track,Men's Team Pursuit
Denmark,Denmark,Cycling Track,Men's Team Pursuit
France,France,Cycling Track,Men's Team Pursuit
Great Britain,Great Britain,Cycling Track,Men's Team Pursuit
Germany,Germany,Cycling Track,Men's Team Pursuit
Italy,Italy,Cycling Track,Men's Team Pursuit
Japan,Japan,Cycling Track,Men's Team Pursuit
New Zealand,New Zealand,Cycling Track,Men's Team Pursuit
Australia,Australia,Cycling Track,Men's Team Sprint
Canada,Canada,Cycling Track,Men's Team Sprint
People's Republic of China,China,Cycling Track,Men's Team Sprint
France,France,Cycling Track,Men's Team Sprint
Great Britain,Great Britain,Cycling Track,Men's Team Sprint
Germany,Germany,Cycling Track,Men's Team Sprint
Japan,Japan,Cycling Track,Men's Team Sprint
Netherlands,Netherlands,Cycling Track,Men's Team Sprint
Australia,Australia,Cycling Track,Women's Madison
Belgium,Belgium,Cycling Track,Women's Madison
Canada,Canada,Cycling Track,Women's Madison
Denmark,Denmark,Cycling Track,Women's Madison
France,France,Cycling Track,Women's Madison
Great Britain,Great Britain,Cycling Track,Women's Madison
Germany,Germany,Cycling Track,Women's Madison
Ireland,Ireland,Cycling Track,Women's Madison
Italy,Italy,Cycling Track,Women's Madison
Japan,Japan,Cycling Track,Women's Madison
Netherlands,Netherlands,Cycling Track,Women's Madison
New Zealand,New Zealand,Cycling Track,Women's Madison
Poland,Poland,Cycling Track,Women's Madison
Switzerland,Switzerland,Cycling Track,Women's Madison
United States of America,United States,Cycling Track,Women's Madison
Australia,Australia,Cycling Track,Women's Team Pursuit
Canada,Canada,Cycling Track,Women's Team Pursuit
France,France,Cycling Track,Women's Team Pursuit
Great Britain,Great Britain,Cycling Track,Women's Team Pursuit
Germany,Germany,Cycling Track,Women's Team Pursuit
Ireland,Ireland,Cycling Track,Women's Team Pursuit
Italy,Italy,Cycling Track,Women's Team Pursuit
Japan,Japan,Cycling Track,Women's Team Pursuit
New Zealand,New Zealand,Cycling Track,Women's Team Pursuit
United States of America,United States,Cycling Track,Women's Team Pursuit
Canada,Canada,Cycling Track,Women's Team Sprint
People's Republic of China,China,Cycling Track,Women's Team Sprint
Great Britain,Great Britain,Cycling Track,Women's Team Sprint
Germany,Germany,Cycling Track,Women's Team Sprint
Mexico,Mexico,Cycling Track,Women's Team Sprint
Netherlands,Netherlands,Cycling Track,Women's Team Sprint
New Zealand,New Zealand,Cycling Track,Women's Team Sprint
Poland,Poland,Cycling Track,Women's Team Sprint
Australia,Australia,Diving,Men's Synchronised 10m Platform
Canada,Canada,Diving,Men's Synchronised 10m Platform
People's Republic of China,China,Diving,Men's Synchronised 10m Platform
France,France,Diving,Men's Synchronised 10m Platform
Great Britain,Great Britain,Diving,Men's Synchronised 10m Platform
Germany,Germany,Diving,Men's Synchronised 10m Platform
Mexico,Mexico,Diving,Men's Synchronised 10m Platform
Ukraine,Ukraine,Diving,Men's Synchronised 10m Platform
People's Republic of China,China,Diving,Men's Synchronised 3m Springboard
Spain,Spain,Diving,Men's Synchronised 3m Springboard
France,France,Diving,Men's Synchronised 3m Springboard
Great Britain,Great Britain,Diving,Men's Synchronised 3m Springboard
Italy,Italy,Diving,Men's Synchronised 3m Springboard
Mexico,Mexico,Diving,Men's Synchronised 3m Springboard
Ukraine,Ukraine,Diving,Men's Synchronised 3m Springboard
United States of America,United States,Diving,Men's Synchronised 3m Springboard
Canada,Canada,Diving,Women's Synchronised 10m Platform
People's Republic of China,China,Diving,Women's Synchronised 10m Platform
France,France,Diving,Women's Synchronised 10m Platform
Great Britain,Great Britain,Diving,Women's Synchronised 10m Platform
Mexico,Mexico,Diving,Women's Synchronised 10m Platform
Democratic People's Republic of Korea,DPR Korea,Diving,Women's Synchronised 10m Platform
Ukraine,Ukraine,Diving,Women's Synchronised 10m Platform
United States of America,United States,Diving,Women's Synchronised 10m Platform
Australia,Australia,Diving,Women's Synchronised 3m Springboard
People's Republic of China,China,Diving,Women's Synchronised 3m Springboard
France,France,Diving,Women's Synchronised 3m Springboard
Great Britain,Great Britain,Diving,Women's Synchronised 3m Springboard
Germany,Germany,Diving,Women's Synchronised 3m Springboard
Italy,Italy,Diving,Women's Synchronised 3m Springboard
Ukraine,Ukraine,Diving,Women's Synchronised 3m Springboard
United States of America,United States,Diving,Women's Synchronised 3m Springboard
Australia,Australia,Equestrian,Dressage Team
Austria,Austria,Equestrian,Dressage Team
Belgium,Belgium,Equestrian,Dressage Team
Canada,Canada,Equestrian,Dressage Team
Denmark,Denmark,Equestrian,Dressage Team
Spain,Spain,Equestrian,Dressage Team
Finland,Finland,Equestrian,Dressage Team
France,France,Equestrian,Dressage Team
Great Britain,Great Britain,Equestrian,Dressage Team
Germany,Germany,Equestrian,Dressage Team
Netherlands,Netherlands,Equestrian,Dressage Team
Poland,Poland,Equestrian,Dressage Team
Portugal,Portugal,Equestrian,Dressage Team
Sweden,Sweden,Equestrian,Dressage Team
United States of America,United States,Equestrian,Dressage Team
Australia,Australia,Equestrian,Eventing Team
Belgium,Belgium,Equestrian,Eventing Team
Brazil,Brazil,Equestrian,Eventing Team
Canada,Canada,Equestrian,Eventing Team
France,France,Equestrian,Eventing Team
Great Britain,Great Britain,Equestrian,Eventing Team
Germany,Germany,Equestrian,Eventing Team
Ireland,Ireland,Equestrian,Eventing Team
Italy,Italy,Equestrian,Eventing Team
Japan,Japan,Equestrian,Eventing Team
Netherlands,Netherlands,Equestrian,Eventing Team
New Zealand,New Zealand,Equestrian,Eventing Team
Poland,Poland,Equestrian,Eventing Team
Switzerland,Switzerland,Equestrian,Eventing Team
Sweden,Sweden,Equestrian,Eventing Team
United States of America,United States,Equestrian,Eventing Team
Australia,Australia,Equestrian,Jumping Team
Austria,Austria,Equestrian,Jumping Team
Belgium,Belgium,Equestrian,Jumping Team
Brazil,Brazil,Equestrian,Jumping Team
Canada,Canada,Equestrian,Jumping Team
Spain,Spain,Equestrian,Jumping Team
France,France,Equestrian,Jumping Team
Great Britain,Great Britain,Equestrian,Jumping Team
Germany,Germany,Equestrian,Jumping Team
Ireland,Ireland,Equestrian,Jumping Team
Israel,Israel,Equestrian,Jumping Team
Japan,Japan,Equestrian,Jumping Team
Saudi Arabia,Saudi Arabia,Equestrian,Jumping Team
Mexico,Mexico,Equestrian,Jumping Team
Netherlands,Netherlands,Equestrian,Jumping Team
Poland,Poland,Equestrian,Jumping Team
Switzerland,Switzerland,Equestrian,Jumping Team
Sweden,Sweden,Equestrian,Jumping Team
United Arab Emirates,UA Emirates,Equestrian,Jumping Team
United States of America,United States,Equestrian,Jumping Team
Argentina,Argentina,Football,Men
Dominican Republic,Dominican Republic,Football,Men
Egypt,Egypt,Football,Men
Spain,Spain,Football,Men
France,France,Football,Men
Guinea,Guinea,Football,Men
Iraq,Iraq,Football,Men
Israel,Israel,Football,Men
Japan,Japan,Football,Men
Morocco,Morocco,Football,Men
Mali,Mali,Football,Men
New Zealand,New Zealand,Football,Men
Paraguay,Paraguay,Football,Men
Ukraine,Ukraine,Football,Men
United States of America,United States,Football,Men
Uzbekistan,Uzbekistan,Football,Men
Australia,Australia,Football,Women
Brazil,Brazil,Football,Women
Canada,Canada,Football,Women
Colombia,Colombia,Football,Women
Spain,Spain,Football,Women
France,France,Football,Women
Germany,Germany,Football,Women
Japan,Japan,Football,Women
Nigeria,Nigeria,Football,Women
New Zealand,New Zealand,Football,Women
United States of America,United States,Football,Women
Zambia,Zambia,Football,Women
Czechia,Czechia,Fencing,Men's Épée Team
Egypt,Egypt,Fencing,Men's Épée Team
France,France,Fencing,Men's Épée Team
Hungary,Hungary,Fencing,Men's Épée Team
Italy,Italy,Fencing,Men's Épée Team
Japan,Japan,Fencing,Men's Épée Team
Kazakhstan,Kazakhstan,Fencing,Men's Épée Team
Venezuela,Venezuela,Fencing,Men's Épée Team
Canada,Canada,Fencing,Men's Foil Team
People's Republic of China,China,Fencing,Men's Foil Team
Egypt,Egypt,Fencing,Men's Foil Team
France,France,Fencing,Men's Foil Team
Italy,Italy,Fencing,Men's Foil Team
Japan,Japan,Fencing,Men's Foil Team
Poland,Poland,Fencing,Men's Foil Team
United States of America,United States,Fencing,Men's Foil Team
Canada,Canada,Fencing,Men's Sabre Team
Egypt,Egypt,Fencing,Men's Sabre Team
France,France,Fencing,Men's Sabre Team
Hungary,Hungary,Fencing,Men's Sabre Team
Islamic Republic of Iran,IR Iran,Fencing,Men's Sabre Team
Italy,Italy,Fencing,Men's Sabre Team
Republic of Korea,Korea,Fencing,Men's Sabre Team
United States of America,United States,Fencing,Men's Sabre Team
People's Republic of China,China,Fencing,Women's Épée Team
Egypt,Egypt,Fencing,Women's Épée Team
France,France,Fencing,Women's Épée Team
Italy,Italy,Fencing,Women's Épée Team
Republic of Korea,Korea,Fencing,Women's Épée Team
Poland,Poland,Fencing,Women's Épée Team
Ukraine,Ukraine,Fencing,Women's Épée Team
United States of America,United States,Fencing,Women's Épée Team
Canada,Canada,Fencing,Women's Foil Team
People's Republic of China,China,Fencing,Women's Foil Team
Egypt,Egypt,Fencing,Women's Foil Team
France,France,Fencing,Women's Foil Team
Italy,Italy,Fencing,Women's Foil Team
Japan,Japan,Fencing,Women's Foil Team
Poland,Poland,Fencing,Women's Foil Team
United States of America,United States,Fencing,Women's Foil Team
Algeria,Algeria,Fencing,Women's Sabre Team
France,France,Fencing,Women's Sabre Team
Hungary,Hungary,Fencing,Women's Sabre Team
Italy,Italy,Fencing,Women's Sabre Team
Japan,Japan,Fencing,Women's Sabre Team
Republic of Korea,Korea,Fencing,Women's Sabre Team
Ukraine,Ukraine,Fencing,Women's Sabre Team
United States of America,United States,Fencing,Women's Sabre Team
Canada,Canada,Artistic Gymnastics,Men's Team
People's Republic of China,China,Artistic Gymnastics,Men's Team
Spain,Spain,Artistic Gymnastics,Men's Team
Great Britain,Great Britain,Artistic Gymnastics,Men's Team
Germany,Germany,Artistic Gymnastics,Men's Team
Italy,Italy,Artistic Gymnastics,Men's Team
Japan,Japan,Artistic Gymnastics,Men's Team
Netherlands,Netherlands,Artistic Gymnastics,Men's Team
Switzerland,Switzerland,Artistic Gymnastics,Men's Team
Türkiye,Türkiye,Artistic Gymnastics,Men's Team
Ukraine,Ukraine,Artistic Gymnastics,Men's Team
United States of America,United States,Artistic Gymnastics,Men's Team
Australia,Australia,Artistic Gymnastics,Women's Team
Brazil,Brazil,Artistic Gymnastics,Women's Team
Canada,Canada,Artistic Gymnastics,Women's Team
People's Republic of China,China,Artistic Gymnastics,Women's Team
France,France,Artistic Gymnastics,Women's Team
Great Britain,Great Britain,Artistic Gymnastics,Women's Team
Italy,Italy,Artistic Gymnastics,Women's Team
Japan,Japan,Artistic Gymnastics,Women's Team
Republic of Korea,Korea,Artistic Gymnastics,Women's Team
Netherlands,Netherlands,Artistic Gymnastics,Women's Team
Romania,Romania,Artistic Gymnastics,Women's Team
United States of America,United States,Artistic Gymnastics,Women's Team
Australia,Australia,Rhythmic Gymnastics,Group All-Around
Azerbaijan,Azerbaijan,Rhythmic Gymnastics,Group All-Around
Brazil,Brazil,Rhythmic Gymnastics,Group All-Around
Bulgaria,Bulgaria,Rhythmic Gymnastics,Group All-Around
People's Republic of China,China,Rhythmic Gymnastics,Group All-Around
Egypt,Egypt,Rhythmic Gymnastics,Group All-Around
Spain,Spain,Rhythmic Gymnastics,Group All-Around
France,France,Rhythmic Gymnastics,Group All-Around
Germany,Germany,Rhythmic Gymnastics,Group All-Around
Israel,Israel,Rhythmic Gymnastics,Group All-Around
Italy,Italy,Rhythmic Gymnastics,Group All-Around
Mexico,Mexico,Rhythmic Gymnastics,Group All-Around
Ukraine,Ukraine,Rhythmic Gymnastics,Group All-Around
Uzbekistan,Uzbekistan,Rhythmic Gymnastics,Group All-Around
Argentina,Argentina,Handball,Men
Croatia,Croatia,Handball,Men
Denmark,Denmark,Handball,Men
Egypt,Egypt,Handball,Men
Spain,Spain,Handball,Men
France,France,Handball,Men
Germany,Germany,Handball,Men
Hungary,Hungary,Handball,Men
Japan,Japan,Handball,Men
Norway,Norway,Handball,Men
Slovenia,Slovenia,Handball,Men
Sweden,Sweden,Handball,Men
Angola,Angola,Handball,Women
Brazil,Brazil,Handball,Women
Denmark,Denmark,Handball,Women
Spain,Spain,Handball,Women
France,France,Handball,Women
Germany,Germany,Handball,Women
Hungary,Hungary,Handball,Women
Republic of Korea,Korea,Handball,Women
Netherlands,Netherlands,Handball,Women
Norway,Norway,Handball,Women
Slovenia,Slovenia,Handball,Women
Sweden,Sweden,Handball,Women
Argentina,Argentina,Hockey,Men
Australia,Australia,Hockey,Men
Belgium,Belgium,Hockey,Men
Spain,Spain,Hockey,Men
France,France,Hockey,Men
Great Britain,Great Britain,Hockey,Men
Germany,Germany,Hockey,Men
India,India,Hockey,Men
Ireland,Ireland,Hockey,Men
Netherlands,Netherlands,Hockey,Men
New Zealand,New Zealand,Hockey,Men
South Africa,South Africa,Hockey,Men
Argentina,Argentina,Hockey,Women
Australia,Australia,Hockey,Women
Belgium,Belgium,Hockey,Women
People's Republic of China,China,Hockey,Women
Spain,Spain,Hockey,Women
France,France,Hockey,Women
Great Britain,Great Britain,Hockey,Women
Germany,Germany,Hockey,Women
Japan,Japan,Hockey,Women
Netherlands,Netherlands,Hockey,Women
South Africa,South Africa,Hockey,Women
United States of America,United States,Hockey,Women
Austria,Austria,Judo,Mixed Team
Brazil,Brazil,Judo,Mixed Team
Canada,Canada,Judo,Mixed Team
Refugee Olympic Team,EOR,Judo,Mixed Team
Spain,Spain,Judo,Mixed Team
France,France,Judo,Mixed Team
Georgia,Georgia,Judo,Mixed Team
Germany,Germany,Judo,Mixed Team
Hungary,Hungary,Judo,Mixed Team
Israel,Israel,Judo,Mixed Team
Italy,Italy,Judo,Mixed Team
Japan,Japan,Judo,Mixed Team
Kazakhstan,Kazakhstan,Judo,Mixed Team
Republic of Korea,Korea,Judo,Mixed Team
Mongolia,Mongolia,Judo,Mixed Team
Netherlands,Netherlands,Judo,Mixed Team
Serbia,Serbia,Judo,Mixed Team
Türkiye,Türkiye,Judo,Mixed Team
Uzbekistan,Uzbekistan,Judo,Mixed Team
Australia,Australia,Rowing,Men's Eight
Great Britain,Great Britain,Rowing,Men's Eight
Germany,Germany,Rowing,Men's Eight
Italy,Italy,Rowing,Men's Eight
Netherlands,Netherlands,Rowing,Men's Eight
Romania,Romania,Rowing,Men's Eight
United States of America,United States,Rowing,Men's Eight
Australia,Australia,Rowing,Men's Pair
Croatia,Croatia,Rowing,Men's Pair
Spain,Spain,Rowing,Men's Pair
Great Britain,Great Britain,Rowing,Men's Pair
Germany,Germany,Rowing,Men's Pair
Ireland,Ireland,Rowing,Men's Pair
Italy,Italy,Rowing,Men's Pair
Lithuania,Lithuania,Rowing,Men's Pair
New Zealand,New Zealand,Rowing,Men's Pair
Romania,Romania,Rowing,Men's Pair
South Africa,South Africa,Rowing,Men's Pair
Switzerland,Switzerland,Rowing,Men's Pair
United States of America,United States,Rowing,Men's Pair
Australia,Australia,Rowing,Men's Four
France,France,Rowing,Men's Four
Great Britain,Great Britain,Rowing,Men's Four
Italy,Italy,Rowing,Men's Four
Netherlands,Netherlands,Rowing,Men's Four
New Zealand,New Zealand,Rowing,Men's Four
Romania,Romania,Rowing,Men's Four
Switzerland,Switzerland,Rowing,Men's Four
United States of America,United States,Rowing,Men's Four
People's Republic of China,China,Rowing,Men's Double Sculls
Croatia,Croatia,Rowing,Men's Double Sculls
Spain,Spain,Rowing,Men's Double Sculls
France,France,Rowing,Men's Double Sculls
Germany,Germany,Rowing,Men's Double Sculls
Ireland,Ireland,Rowing,Men's Double Sculls
Italy,Italy,Rowing,Men's Double Sculls
Argentina,Argentina,Rowing,Lightweight Men's Double Sculls
Belgium,Belgium,Rowing,Lightweight Men's Double Sculls
Chile,Chile,Rowing,Lightweight Men's Double Sculls
Czechia,Czechia,Rowing,Lightweight Men's Double Sculls
Egypt,Egypt,Rowing,Lightweight Men's Double Sculls
Spain,Spain,Rowing,Lightweight Men's Double Sculls
France,France,Rowing,Lightweight Men's Double Sculls
Greece,Greece,Rowing,Lightweight Men's Double Sculls
Ireland,Ireland,Rowing,Lightweight Men's Double Sculls
Italy,Italy,Rowing,Lightweight Men's Double Sculls
Japan,Japan,Rowing,Lightweight Men's Double Sculls
Mexico,Mexico,Rowing,Lightweight Men's Double Sculls
Norway,Norway,Rowing,Lightweight Men's Double Sculls
Switzerland,Switzerland,Rowing,Lightweight Men's Double Sculls
Ukraine,Ukraine,Rowing,Lightweight Men's Double Sculls
Uzbekistan,Uzbekistan,Rowing,Lightweight Men's Double Sculls
Netherlands,Netherlands,Rowing,Men's Double Sculls
Norway,Norway,Rowing,Men's Double Sculls
New Zealand,New Zealand,Rowing,Men's Double Sculls
Romania,Romania,Rowing,Men's Double Sculls
Serbia,Serbia,Rowing,Men's Double Sculls
United States of America,United States,Rowing,Men's Double Sculls
Estonia,Estonia,Rowing,Men's Quadruple Sculls
Great Britain,Great Britain,Rowing,Men's Quadruple Sculls
Germany,Germany,Rowing,Men's Quadruple Sculls
Italy,Italy,Rowing,Men's Quadruple Sculls
Netherlands,Netherlands,Rowing,Men's Quadruple Sculls
Norway,Norway,Rowing,Men's Quadruple Sculls
Poland,Poland,Rowing,Men's Quadruple Sculls
Romania,Romania,Rowing,Men's Quadruple Sculls
Switzerland,Switzerland,Rowing,Men's Quadruple Sculls
Australia,Australia,Rowing,Women's Eight
Canada,Canada,Rowing,Women's Eight
Denmark,Denmark,Rowing,Women's Eight
Great Britain,Great Britain,Rowing,Women's Eight
Italy,Italy,Rowing,Women's Eight
Romania,Romania,Rowing,Women's Eight
United States of America,United States,Rowing,Women's Eight
Australia,Australia,Rowing,Women's Pair
Chile,Chile,Rowing,Women's Pair
Czechia,Czechia,Rowing,Women's Pair
Denmark,Denmark,Rowing,Women's Pair
Spain,Spain,Rowing,Women's Pair
Great Britain,Great Britain,Rowing,Women's Pair
Greece,Greece,Rowing,Women's Pair
Ireland,Ireland,Rowing,Women's Pair
Lithuania,Lithuania,Rowing,Women's Pair
Netherlands,Netherlands,Rowing,Women's Pair
New Zealand,New Zealand,Rowing,Women's Pair
Romania,Romania,Rowing,Women's Pair
United States of America,United States,Rowing,Women's Pair
Australia,Australia,Rowing,Women's Four
People's Republic of China,China,Rowing,Women's Four
Denmark,Denmark,Rowing,Women's Four
Great Britain,Great Britain,Rowing,Women's Four
Ireland,Ireland,Rowing,Women's Four
Netherlands,Netherlands,Rowing,Women's Four
New Zealand,New Zealand,Rowing,Women's Four
Romania,Romania,Rowing,Women's Four
United States of America,United States,Rowing,Women's Four
Australia,Australia,Rowing,Women's Double Sculls
People's Republic of China,China,Rowing,Women's Double Sculls
Czechia,Czechia,Rowing,Women's Double Sculls
France,France,Rowing,Women's Double Sculls
Great Britain,Great Britain,Rowing,Women's Double Sculls
Ireland,Ireland,Rowing,Women's Double Sculls
Italy,Italy,Rowing,Women's Double Sculls
Argentina,Argentina,Rowing,Lightweight Women's Double Sculls
Austria,Austria,Rowing,Lightweight Women's Double Sculls
Canada,Canada,Rowing,Lightweight Women's Double Sculls
People's Republic of China,China,Rowing,Lightweight Women's Double Sculls
France,France,Rowing,Lightweight Women's Double Sculls
Great Britain,Great Britain,Rowing,Lightweight Women's Double Sculls
Greece,Greece,Rowing,Lightweight Women's Double Sculls
Islamic Republic of Iran,IR Iran,Rowing,Lightweight Women's Double Sculls
Ireland,Ireland,Rowing,Lightweight Women's Double Sculls
Japan,Japan,Rowing,Lightweight Women's Double Sculls
New Zealand,New Zealand,Rowing,Lightweight Women's Double Sculls
Peru,Peru,Rowing,Lightweight Women's Double Sculls
Poland,Poland,Rowing,Lightweight Women's Double Sculls
Romania,Romania,Rowing,Lightweight Women's Double Sculls
Lithuania,Lithuania,Rowing,Women's Double Sculls
Tunisia,Tunisia,Rowing,Lightweight Women's Double Sculls
United States of America,United States,Rowing,Lightweight Women's Double Sculls
Netherlands,Netherlands,Rowing,Women's Double Sculls
Norway,Norway,Rowing,Women's Double Sculls
New Zealand,New Zealand,Rowing,Women's Double Sculls
Romania,Romania,Rowing,Women's Double Sculls
United States of America,United States,Rowing,Women's Double Sculls
Australia,Australia,Rowing,Women's Quadruple Sculls
People's Republic of China,China,Rowing,Women's Quadruple Sculls
Great Britain,Great Britain,Rowing,Women's Quadruple Sculls
Germany,Germany,Rowing,Women's Quadruple Sculls
Netherlands,Netherlands,Rowing,Women's Quadruple Sculls
Romania,Romania,Rowing,Women's Quadruple Sculls
Switzerland,Switzerland,Rowing,Women's Quadruple Sculls
Ukraine,Ukraine,Rowing,Women's Quadruple Sculls
United States of America,United States,Rowing,Women's Quadruple Sculls
Argentina,Argentina,Rugby Sevens,Men
Australia,Australia,Rugby Sevens,Men
Fiji,Fiji,Rugby Sevens,Men
France,France,Rugby Sevens,Men
Ireland,Ireland,Rugby Sevens,Men
Japan,Japan,Rugby Sevens,Men
Kenya,Kenya,Rugby Sevens,Men
New Zealand,New Zealand,Rugby Sevens,Men
South Africa,South Africa,Rugby Sevens,Men
Samoa,Samoa,Rugby Sevens,Men
Uruguay,Uruguay,Rugby Sevens,Men
United States of America,United States,Rugby Sevens,Men
Australia,Australia,Rugby Sevens,Women
Brazil,Brazil,Rugby Sevens,Women
Canada,Canada,Rugby Sevens,Women
People's Republic of China,China,Rugby Sevens,Women
Fiji,Fiji,Rugby Sevens,Women
France,France,Rugby Sevens,Women
Great Britain,Great Britain,Rugby Sevens,Women
Ireland,Ireland,Rugby Sevens,Women
Japan,Japan,Rugby Sevens,Women
New Zealand,New Zealand,Rugby Sevens,Women
South Africa,South Africa,Rugby Sevens,Women
United States of America,United States,Rugby Sevens,Women
COLLEY Jim / CONNOR Shaun,Australia,Sailing,Men's Skiff
BILDSTEIN Benjamin / HUSSL David,Austria,Sailing,Men's Skiff
LEFEBVRE Yannick / HEUNINCK Jan,Belgium,Sailing,Men's Skiff
SOFFIATTI GRAEL Marco / SIMOES Gabriel,Brazil,Sailing,Men's Skiff
JONES William / BARNES Justin,Canada,Sailing,Men's Skiff
WEN Zaiding / LIU Tian,China,Sailing,Men's Skiff
FANTELA Sime / FANTELA Mihovil,Croatia,Sailing,Men's Skiff
NYBORG Daniel / BUHL Nikolaj Hoffmann,Denmark,Sailing,Men's Skiff
BOTIN le CHEVER Diego / TRITTEL PAUL Florian,Spain,Sailing,Men's Skiff
FISCHER Erwan / PEQUIN Clement,France,Sailing,Men's Skiff
PETERS James / STERRITT Fynn,Great Britain,Sailing,Men's Skiff
MEGGENDORFER Jakob / SPRANGER Andreas,Germany,Sailing,Men's Skiff
SAKAI Akira Luke / ALYSWORTH Russell Williams,"Hong Kong, China",Sailing,Men's Skiff
DICKSON Robert / WADDILOVE Sean,Ireland,Sailing,Men's Skiff
LAMBRIEX Bart / van de WERKEN Floris,Netherlands,Sailing,Men's Skiff
McHARDIE Isaac / McKENZIE William,New Zealand,Sailing,Men's Skiff
BUKSAK Dominik / WIERZBICKI Szymon,Poland,Sailing,Men's Skiff
SCHNEITER Sébastien / de PLANTA Arno,Switzerland,Sailing,Men's Skiff
UMPIERRE Hernan / DIZ Fernando,Uruguay,Sailing,Men's Skiff
BARROWS Ian Macdill / HENKEN Hans Dakota August,United States,Sailing,Men's Skiff
PRICE Olivia / HASELDINE Evie,Australia,Sailing,Women's Skiff
MAENHAUT van LEMBERGE Isaura / GEURTS Anouk,Belgium,Sailing,Women's Skiff
SOFFIATTI GRAEL Martine / KUNZE Kahena,Brazil,Sailing,Women's Skiff
LEWIN-LAFRANCE Georgia / LEWIN-LAFRANCE Antonia,Canada,Sailing,Women's Skiff
HU Xiaoyu / SHAN Mengyuan,China,Sailing,Women's Skiff
BURSKA Zofia / TKADLECOVA Sara,Czechia,Sailing,Women's Skiff
SCHMIDT Johanne / SCHMIDT Andrea,Denmark,Sailing,Women's Skiff
ECHEGOYEN DOMINGUEZ Tamara / BARCELO MARTIN Paula,Spain,Sailing,Women's Skiff
GRONBLOM Ronja / HOKKA Veera,Finland,Sailing,Women's Skiff
STEYAERT Sarah / PICON Charline,France,Sailing,Women's Skiff
BLACK Freya / TIDEY Saskia,Great Britain,Sailing,Women's Skiff
BERGMANN Marla / WILLE Hanna,Germany,Sailing,Women's Skiff
GERMANI Jana / BERTUZZI Giorgia,Italy,Sailing,Women's Skiff
TANAKA Misaki / NAGAMATSU Sera,Japan,Sailing,Women's Skiff
van AANHOLT Odile / DUETZ Annette,Netherlands,Sailing,Women's Skiff
NAESS Helene / ROENNINGEN Marie,Norway,Sailing,Women's Skiff
ALEH Jo / MEECH Molly,New Zealand,Sailing,Women's Skiff
MELZACKA Aleksandra / JANKOWIAK Sandra,Poland,Sailing,Women's Skiff
BOBECK Vilma / NETZLER Rebecca,Sweden,Sailing,Women's Skiff
ROBLE Stephanie Marie / SHEA Margaret Droste,United States,Sailing,Women's Skiff
MONTINHO Matias / PAULO Manuela,Angola,Sailing,Mixed Dinghy
JERWOOD Nia / NICHOLAS Conor,Australia,Sailing,Mixed Dinghy
VADLAU Lara / MAEHR Lukas,Austria,Sailing,Mixed Dinghy
DUARTE HADDAD Henrique / SWAN Isabel,Brazil,Sailing,Mixed Dinghy
XU Zangjun / LYU Yixiao,China,Sailing,Mixed Dinghy
XAMMAR HERNANDEZ Jordi / BRUGMAN CABOT Nora,Spain,Sailing,Mixed Dinghy
LECOINTRE Camille / MION Jeremie,France,Sailing,Mixed Dinghy
HEATHCOTE Vita / GRUBE Chris,Great Britain,Sailing,Mixed Dinghy
DIESCH Simon / MARKFORT Anna,Germany,Sailing,Mixed Dinghy
SPANAKI Ariadni Paraskevi / SPANAKIS Odysseas Emmanouil,Greece,Sailing,Mixed Dinghy
HASSON Nitai / LASRY Noa,Israel,Sailing,Mixed Dinghy
BERTA Elena / FESTO Bruno,Italy,Sailing,Mixed Dinghy
OKADA Keiju / YOSHIOKA Miho,Japan,Sailing,Mixed Dinghy
VAZ de BACELAR da FONSECA Diogo Eu. / ALVES da SILVA JOÃO Carolina Maria,Portugal,Sailing,Mixed Dinghy
MRAK Tina / BOZIC Jakob,Slovenia,Sailing,Mixed Dinghy
MERMOD Yves / SIEGENTHALER Maja,Switzerland,Sailing,Mixed Dinghy
DAHLBERG Anton / KARLSSON Lovisa,Sweden,Sailing,Mixed Dinghy
CINAR Deniz / NALBANTOGLU Lara,Türkiye,Sailing,Mixed Dinghy
Mc NAY Stuart Pfeiffer / DALLMAN WEISS Lara Anne,United States,Sailing,Mixed Dinghy
MAJDALANI Mateo / BOSCO Eugenia,Argentina,Sailing,Mixed Multihull
LIDDELL Brin / BROWN Rhiannan,Australia,Sailing,Mixed Multihull
HABERL Lukas / FRANK Tanja,Austria,Sailing,Mixed Multihull
CLAEYSSENS Lucas / VERSTRAELEN Eline,Belgium,Sailing,Mixed Multihull
SIEMSEN Joao / ARNDT Marina,Brazil,Sailing,Mixed Multihull
MAI Huicong / CHEN Linlin,China,Sailing,Mixed Multihull
SAOUMA-PEDERSEN Natacha / BRUUN Mathias,Denmark,Sailing,Mixed Multihull
PACHECO van RIJNSOEVER Tara / BARRIO GARCIA Andres,Spain,Sailing,Mixed Multihull
KURTBAY Sinem / KESKINEN Akseli,Finland,Sailing,Mixed Multihull
MOURNIAC Tim / BERTHOMIEU Lou,France,Sailing,Mixed Multihull
GIMSON John / BURNET Anna,Great Britain,Sailing,Mixed Multihull
KOHLHOFF Paul / STUHLEMMER Alica,Germany,Sailing,Mixed Multihull
TITA Ruggero / BANTI Caterina,Italy,Sailing,Mixed Multihull
IITSUKA Shibuki /  NISHIDA CAPIGLIA Oura,Japan,Sailing,Mixed Multihull
van der MEER Laila / BOUWER Bjarne,Netherlands,Sailing,Mixed Multihull
WILKINSON Micah James / DAWSON Erica Linda,New Zealand,Sailing,Mixed Multihull
JARUDD Emil / JONSSON Hanna,Sweden,Sailing,Mixed Multihull
KAYNAR Alican / KAYNAKCI Beste,Türkiye,Sailing,Mixed Multihull
NEWBERRY Sarah Lauren / LIEBENBERG David Wade,United States,Sailing,Mixed Multihull
Bulgaria,Bulgaria,Shooting,10m Air Pistol Mixed Team
People's Republic of China 1,China,Shooting,10m Air Pistol Mixed Team
People's Republic of China 2,China,Shooting,10m Air Pistol Mixed Team
France,France,Shooting,10m Air Pistol Mixed Team
Germany 1,Germany,Shooting,10m Air Pistol Mixed Team
Germany 2,Germany,Shooting,10m Air Pistol Mixed Team
India 1,India,Shooting,10m Air Pistol Mixed Team
India 2,India,Shooting,10m Air Pistol Mixed Team
Kazakhstan,Kazakhstan,Shooting,10m Air Pistol Mixed Team
Republic of Korea 1,Korea,Shooting,10m Air Pistol Mixed Team
Republic of Korea 2,Korea,Shooting,10m Air Pistol Mixed Team
Latvia,Latvia,Shooting,10m Air Pistol Mixed Team
Pakistan,Pakistan,Shooting,10m Air Pistol Mixed Team
Serbia,Serbia,Shooting,10m Air Pistol Mixed Team
Türkiye 1,Türkiye,Shooting,10m Air Pistol Mixed Team
Türkiye 2,Türkiye,Shooting,10m Air Pistol Mixed Team
Ukraine,Ukraine,Shooting,10m Air Pistol Mixed Team
Algeria,Algeria,Shooting,
Argentina,Argentina,Shooting,10m Air Rifle Mixed Team
Austria,Austria,Shooting,10m Air Rifle Mixed Team
People's Republic of China 1,China,Shooting,10m Air Rifle Mixed Team
People's Republic of China 2,China,Shooting,10m Air Rifle Mixed Team
Czechia,Czechia,Shooting,10m Air Rifle Mixed Team
Egypt 1,Egypt,Shooting,10m Air Rifle Mixed Team
Egypt 2,Egypt,Shooting,10m Air Rifle Mixed Team
France 1,France,Shooting,10m Air Rifle Mixed Team
France 2,France,Shooting,10m Air Rifle Mixed Team
Great Britain,Great Britain,Shooting,10m Air Rifle Mixed Team
Germany,Germany,Shooting,10m Air Rifle Mixed Team
Hungary,Hungary,Shooting,10m Air Rifle Mixed Team
India 1,India,Shooting,10m Air Rifle Mixed Team
India 2,India,Shooting,10m Air Rifle Mixed Team
Italy,Italy,Shooting,10m Air Rifle Mixed Team
Japan,Japan,Shooting,10m Air Rifle Mixed Team
Kazakhstan 1,Kazakhstan,Shooting,10m Air Rifle Mixed Team
Kazakhstan 2,Kazakhstan,Shooting,10m Air Rifle Mixed Team
Republic of Korea 1,Korea,Shooting,10m Air Rifle Mixed Team
Republic of Korea 2,Korea,Shooting,10m Air Rifle Mixed Team
Mexico,Mexico,Shooting,10m Air Rifle Mixed Team
Mongolia,Mongolia,Shooting,10m Air Rifle Mixed Team
Norway 1,Norway,Shooting,10m Air Rifle Mixed Team
Norway 2,Norway,Shooting,10m Air Rifle Mixed Team
Poland 1,Poland,Shooting,10m Air Rifle Mixed Team
Poland 2,Poland,Shooting,10m Air Rifle Mixed Team
United States of America 1,United States,Shooting,10m Air Rifle Mixed Team
United States of America 2,United States,Shooting,10m Air Rifle Mixed Team
Australia,Australia,Shooting,Skeet Mixed Team
People's Republic of China,China,Shooting,Skeet Mixed Team
Czechia,Czechia,Shooting,Skeet Mixed Team
Egypt,Egypt,Shooting,Skeet Mixed Team
France,France,Shooting,Skeet Mixed Team
Germany,Germany,Shooting,Skeet Mixed Team
Greece,Greece,Shooting,Skeet Mixed Team
India,India,Shooting,Skeet Mixed Team
Italy 1,Italy,Shooting,Skeet Mixed Team
Italy 2,Italy,Shooting,Skeet Mixed Team
Kazakhstan,Kazakhstan,Shooting,Skeet Mixed Team
Republic of Korea,Korea,Shooting,Skeet Mixed Team
Peru,Peru,Shooting,Skeet Mixed Team
Sweden,Sweden,Shooting,Skeet Mixed Team
United States of America 1,United States,Shooting,Skeet Mixed Team
United States of America 2,United States,Shooting,Skeet Mixed Team
Australia,Australia,Artistic Swimming,Duet
Austria,Austria,Artistic Swimming,Duet
Canada,Canada,Artistic Swimming,Duet
People's Republic of China,China,Artistic Swimming,Duet
Egypt,Egypt,Artistic Swimming,Duet
Spain,Spain,Artistic Swimming,Duet
France,France,Artistic Swimming,Duet
Great Britain,Great Britain,Artistic Swimming,Duet
Greece,Greece,Artistic Swimming,Duet
Israel,Israel,Artistic Swimming,Duet
Italy,Italy,Artistic Swimming,Duet
Japan,Japan,Artistic Swimming,Duet
Republic of Korea,Korea,Artistic Swimming,Duet
Mexico,Mexico,Artistic Swimming,Duet
Netherlands,Netherlands,Artistic Swimming,Duet
New Zealand,New Zealand,Artistic Swimming,Duet
Ukraine,Ukraine,Artistic Swimming,Duet
United States of America,United States,Artistic Swimming,Duet
Australia,Australia,Artistic Swimming,Team
Canada,Canada,Artistic Swimming,Team
People's Republic of China,China,Artistic Swimming,Team
Egypt,Egypt,Artistic Swimming,Team
Spain,Spain,Artistic Swimming,Team
France,France,Artistic Swimming,Team
Italy,Italy,Artistic Swimming,Team
Japan,Japan,Artistic Swimming,Team
Mexico,Mexico,Artistic Swimming,Team
United States of America,United States,Artistic Swimming,Team
Australia,Australia,Swimming,Men's 4 x 100m Freestyle Relay
Brazil,Brazil,Swimming,Men's 4 x 100m Freestyle Relay
Canada,Canada,Swimming,Men's 4 x 100m Freestyle Relay
People's Republic of China,China,Swimming,Men's 4 x 100m Freestyle Relay
Spain,Spain,Swimming,Men's 4 x 100m Freestyle Relay
France,France,Swimming,Men's 4 x 100m Freestyle Relay
Great Britain,Great Britain,Swimming,Men's 4 x 100m Freestyle Relay
Germany,Germany,Swimming,Men's 4 x 100m Freestyle Relay
Greece,Greece,Swimming,Men's 4 x 100m Freestyle Relay
Hungary,Hungary,Swimming,Men's 4 x 100m Freestyle Relay
Israel,Israel,Swimming,Men's 4 x 100m Freestyle Relay
Italy,Italy,Swimming,Men's 4 x 100m Freestyle Relay
Poland,Poland,Swimming,Men's 4 x 100m Freestyle Relay
Serbia,Serbia,Swimming,Men's 4 x 100m Freestyle Relay
Sweden,Sweden,Swimming,Men's 4 x 100m Freestyle Relay
United States of America,United States,Swimming,Men's 4 x 100m Freestyle Relay
Australia,Australia,Swimming,Men's 4 x 100m Medley Relay
Austria,Austria,Swimming,Men's 4 x 100m Medley Relay
Canada,Canada,Swimming,Men's 4 x 100m Medley Relay
People's Republic of China,China,Swimming,Men's 4 x 100m Medley Relay
Spain,Spain,Swimming,Men's 4 x 100m Medley Relay
France,France,Swimming,Men's 4 x 100m Medley Relay
Great Britain,Great Britain,Swimming,Men's 4 x 100m Medley Relay
Germany,Germany,Swimming,Men's 4 x 100m Medley Relay
Ireland,Ireland,Swimming,Men's 4 x 100m Medley Relay
Italy,Italy,Swimming,Men's 4 x 100m Medley Relay
Japan,Japan,Swimming,Men's 4 x 100m Medley Relay
Republic of Korea,Korea,Swimming,Men's 4 x 100m Medley Relay
Netherlands,Netherlands,Swimming,Men's 4 x 100m Medley Relay
Poland,Poland,Swimming,Men's 4 x 100m Medley Relay
Switzerland,Switzerland,Swimming,Men's 4 x 100m Medley Relay
United States of America,United States,Swimming,Men's 4 x 100m Medley Relay
Australia,Australia,Swimming,Men's 4 x 200m Freestyle Relay
Brazil,Brazil,Swimming,Men's 4 x 200m Freestyle Relay
Canada,Canada,Swimming,Men's 4 x 200m Freestyle Relay
People's Republic of China,China,Swimming,Men's 4 x 200m Freestyle Relay
Spain,Spain,Swimming,Men's 4 x 200m Freestyle Relay
France,France,Swimming,Men's 4 x 200m Freestyle Relay
Great Britain,Great Britain,Swimming,Men's 4 x 200m Freestyle Relay
Germany,Germany,Swimming,Men's 4 x 200m Freestyle Relay
Greece,Greece,Swimming,Men's 4 x 200m Freestyle Relay
Israel,Israel,Swimming,Men's 4 x 200m Freestyle Relay
Italy,Italy,Swimming,Men's 4 x 200m Freestyle Relay
Japan,Japan,Swimming,Men's 4 x 200m Freestyle Relay
Republic of Korea,Korea,Swimming,Men's 4 x 200m Freestyle Relay
Lithuania,Lithuania,Swimming,Men's 4 x 200m Freestyle Relay
Switzerland,Switzerland,Swimming,Men's 4 x 200m Freestyle Relay
United States of America,United States,Swimming,Men's 4 x 200m Freestyle Relay
Australia,Australia,Swimming,Women's 4 x 100m Freestyle Relay
Brazil,Brazil,Swimming,Women's 4 x 100m Freestyle Relay
Canada,Canada,Swimming,Women's 4 x 100m Freestyle Relay
People's Republic of China,China,Swimming,Women's 4 x 100m Freestyle Relay
Denmark,Denmark,Swimming,Women's 4 x 100m Freestyle Relay
France,France,Swimming,Women's 4 x 100m Freestyle Relay
Great Britain,Great Britain,Swimming,Women's 4 x 100m Freestyle Relay
"Hong Kong, China","Hong Kong, China",Swimming,Women's 4 x 100m Freestyle Relay
Hungary,Hungary,Swimming,Women's 4 x 100m Freestyle Relay
Ireland,Ireland,Swimming,Women's 4 x 100m Freestyle Relay
Italy,Italy,Swimming,Women's 4 x 100m Freestyle Relay
Netherlands,Netherlands,Swimming,Women's 4 x 100m Freestyle Relay
Poland,Poland,Swimming,Women's 4 x 100m Freestyle Relay
Slovenia,Slovenia,Swimming,Women's 4 x 100m Freestyle Relay
Sweden,Sweden,Swimming,Women's 4 x 100m Freestyle Relay
United States of America,United States,Swimming,Women's 4 x 100m Freestyle Relay
Australia,Australia,Swimming,Women's 4 x 100m Medley Relay
Canada,Canada,Swimming,Women's 4 x 100m Medley Relay
People's Republic of China,China,Swimming,Women's 4 x 100m Medley Relay
Denmark,Denmark,Swimming,Women's 4 x 100m Medley Relay
France,France,Swimming,Women's 4 x 100m Medley Relay
Great Britain,Great Britain,Swimming,Women's 4 x 100m Medley Relay
Germany,Germany,Swimming,Women's 4 x 100m Medley Relay
"Hong Kong, China","Hong Kong, China",Swimming,Women's 4 x 100m Medley Relay
Ireland,Ireland,Swimming,Women's 4 x 100m Medley Relay
Italy,Italy,Swimming,Women's 4 x 100m Medley Relay
Japan,Japan,Swimming,Women's 4 x 100m Medley Relay
Netherlands,Netherlands,Swimming,Women's 4 x 100m Medley Relay
Poland,Poland,Swimming,Women's 4 x 100m Medley Relay
Singapore,Singapore,Swimming,Women's 4 x 100m Medley Relay
Sweden,Sweden,Swimming,Women's 4 x 100m Medley Relay
United States of America,United States,Swimming,Women's 4 x 100m Medley Relay
Australia,Australia,Swimming,Women's 4 x 200m Freestyle Relay
Brazil,Brazil,Swimming,Women's 4 x 200m Freestyle Relay
Canada,Canada,Swimming,Women's 4 x 200m Freestyle Relay
People's Republic of China,China,Swimming,Women's 4 x 200m Freestyle Relay
Spain,Spain,Swimming,Women's 4 x 200m Freestyle Relay
France,France,Swimming,Women's 4 x 200m Freestyle Relay
Great Britain,Great Britain,Swimming,Women's 4 x 200m Freestyle Relay
Germany,Germany,Swimming,Women's 4 x 200m Freestyle Relay
Hungary,Hungary,Swimming,Women's 4 x 200m Freestyle Relay
Israel,Israel,Swimming,Women's 4 x 200m Freestyle Relay
Italy,Italy,Swimming,Women's 4 x 200m Freestyle Relay
Japan,Japan,Swimming,Women's 4 x 200m Freestyle Relay
Netherlands,Netherlands,Swimming,Women's 4 x 200m Freestyle Relay
New Zealand,New Zealand,Swimming,Women's 4 x 200m Freestyle Relay
Türkiye,Türkiye,Swimming,Women's 4 x 200m Freestyle Relay
United States of America,United States,Swimming,Women's 4 x 200m Freestyle Relay
Australia,Australia,Swimming,Mixed 4 x 100m Medley Relay
Brazil,Brazil,Swimming,Mixed 4 x 100m Medley Relay
Canada,Canada,Swimming,Mixed 4 x 100m Medley Relay
People's Republic of China,China,Swimming,Mixed 4 x 100m Medley Relay
France,France,Swimming,Mixed 4 x 100m Medley Relay
Great Britain,Great Britain,Swimming,Mixed 4 x 100m Medley Relay
Germany,Germany,Swimming,Mixed 4 x 100m Medley Relay
Greece,Greece,Swimming,Mixed 4 x 100m Medley Relay
Israel,Israel,Swimming,Mixed 4 x 100m Medley Relay
Italy,Italy,Swimming,Mixed 4 x 100m Medley Relay
Japan,Japan,Swimming,Mixed 4 x 100m Medley Relay
Republic of Korea,Korea,Swimming,Mixed 4 x 100m Medley Relay
Netherlands,Netherlands,Swimming,Mixed 4 x 100m Medley Relay
Poland,Poland,Swimming,Mixed 4 x 100m Medley Relay
Sweden,Sweden,Swimming,Mixed 4 x 100m Medley Relay
United States of America,United States,Swimming,Mixed 4 x 100m Medley Relay
United States of America,United States,Swimming,
France,France,Rowing,Men's Double Sculls
People's Republic of China,China,Rowing,Women's Quadruple Sculls
Australia,Australia,Swimming,
Netherlands,Netherlands,Swimming,
People's Republic of China,China,Swimming,
Australia,Australia,Swimming,
United States of America,United States,Swimming,
United States of America,United States,Swimming,
Australia,Australia,Swimming,
United States of America,United States,Swimming,
Australia,Australia,Swimming,
Australia,Australia,Swimming,
People's Republic of China,China,Swimming,
United States of America,United States,Swimming,
United States of America,United States,Swimming,
South Africa,South Africa,Swimming,
People's Republic of China,China,Swimming,
Poland,Poland,Swimming,
Republic of Korea,Korea,Swimming,
United States of America,United States,Swimming,
People's Republic of China,China,Swimming,
Italy,Italy,Swimming,
NADAS Bence / TOTKA Sandor,Hungary,Canoe Sprint,Men's Kayak Double 500m
People's Republic of China,China,Swimming,
People's Republic of China,China,Cycling Track,
Russian Federation,Russian Federation,Swimming,
Israel,Israel,Swimming,
New Zealand,New Zealand,Rowing,Women's Pair
Austria,Austria,Swimming,
Great Britain,Great Britain,Rowing,Men's Four
Hungary,Hungary,Swimming,
South Africa,South Africa,Swimming,
Australia,Australia,Swimming,
United States of America,United States,Swimming,
Australia,Australia,Swimming,
Italy,Italy,Shooting,
Canada,Canada,Swimming,
Great Britain,Great Britain,Swimming,
Netherlands,Netherlands,Cycling Track,
Australia,Australia,Swimming,
People's Republic of China,China,Swimming,
Netherlands,Netherlands,Swimming,
Ireland,Ireland,Rowing,Lightweight Men's Double Sculls
Australia,Australia,Swimming,
Republic of Korea,Korea,Archery,
Australia,Australia,Swimming,
Republic of Korea,Korea,Swimming,
Australia,Australia,Swimming,
Great Britain,Great Britain,Swimming,
New Zealand,New Zealand,Rowing,Men's Pair
Italy,Italy,Swimming,
Great Britain,Great Britain,Swimming,
South Africa,South Africa,Swimming,
Australia,Australia,Swimming,
CARRINGTON Lisa / REGAL Caitlin,New Zealand,Canoe Sprint,Women's Kayak Double 500m
People's Republic of China,China,Shooting,
Romania,Romania,Rowing,Women's Eight
United States of America,United States,Swimming,
Australia,Australia,Swimming,
United States of America,United States,Swimming,
People's Republic of China,China,Swimming,
Great Britain,Great Britain,Swimming,
Australia,Australia,Swimming,
United States of America,United States,Swimming,
United States of America,United States,Swimming,
United States of America,United States,Swimming,
Australia,Australia,Swimming,
Germany,Germany,Cycling Track,
United States of America,United States,Swimming,
United States of America,United States,Swimming,
Romania,Romania,Rowing,Women's Double Sculls
United States of America,United States,Shooting,
Australia,Australia,Swimming,
United States of America,United States,Swimming,
Australia,Australia,Swimming,
Germany,Germany,Cycling Track,
People's Republic of China,China,Swimming,
South Africa,South Africa,Swimming,
Italy,Italy,Swimming,
Canada,Canada,Swimming,
People's Republic of China,China,Swimming,
Canada,Canada,Swimming,
Australia,Australia,Swimming,
Italy,Italy,Swimming,
Great Britain,Great Britain,Swimming,
United States of America,United States,Swimming,
Australia,Australia,Swimming,
Australia,Australia,Swimming,
German Democratic Republic,German Dem. Republic,Swimming,
United States of America,United States,Swimming,
People's Republic of China,China,Swimming,
Australia,Australia,Swimming,
People's Republic of China,China,Swimming,
United States of America,United States,Swimming,
Spain,Spain,Canoe Sprint,Men's Kayak Four 500m
United States of America,United States,Swimming,
Hungary,Hungary,Swimming,
Australia,Australia,Swimming,
Great Britain,Great Britain,Swimming,
Australia,Australia,Swimming,
Netherlands,Netherlands,Rowing,Men's Quadruple Sculls
Spain,Spain,Swimming,
Australia,Australia,Swimming,
United States of America,United States,Swimming,
Hungary,Hungary,Swimming,
United States of America,United States,Swimming,
United States of America,United States,Swimming,
Australia,Australia,Swimming,
United States of America,United States,Swimming,
France,France,Swimming,
Germany,Germany,Rowing,Men's Eight
Serbia,Serbia,Swimming,
Hungary,Hungary,Canoe Sprint,Women's Kayak Four 500m
India,India,Shooting,
Unified Team,Unified Team,Swimming,
RAUHE Ronald / WIESKOTTER Tim,Germany,Canoe Sprint,Men's Kayak Double 500m
People's Republic of China,China,Swimming,
Great Britain,Great Britain,Swimming,
Australia,Australia,Swimming,
Italy,Italy,Swimming,
United States of America,United States,Swimming,
Australia,Australia,Swimming,
Great Britain,Great Britain,Swimming,
Great Britain,Great Britain,Swimming,
Australia,Australia,Swimming,
Great Britain,Great Britain,Swimming,
Sweden,Sweden,Swimming,
Netherlands,Netherlands,Cycling Track,
People's Republic of China,China,Swimming,
United States of America,United States,Swimming,
United States of America,United States,Swimming,
Italy,Italy,Swimming,
People's Republic of China,China,Swimming,
United States of America,United States,Swimming,
Great Britain,Great Britain,Swimming,
Australia,Australia,Swimming,
South Africa,South Africa,Swimming,
Australia,Australia,Swimming,
United States of America,United States,Swimming,
United States of America,United States,Swimming,
Republic of Korea,Korea,Archery,
United States of America,United States,Swimming,
People's Republic of China,China,Swimming,
Netherlands,Netherlands,Swimming,
People's Republic of China,China,Rowing,Women's Quadruple Sculls
People's Republic of China,China,Swimming,
Germany,Germany,Canoe Sprint,Men's Kayak Four 500m
People's Republic of China,China,Swimming,
Australia,Australia,Swimming,
United States of America,United States,Swimming,
People's Republic of China,China,Swimming,
Australia,Australia,Swimming,
People's Republic of China,China,Swimming,
Germany,Germany,Swimming,
New Zealand,New Zealand,Swimming,
Australia,Australia,Swimming,
United States of America,United States,Swimming,
Canada,Canada,Swimming,
Australia,Australia,Swimming,
United States of America,United States,Swimming,
Australia,Australia,Swimming,
Greece,Greece,Swimming,
United States of America,United States,Swimming,
Russian Federation,Russian Federation,Swimming,
United States of America,United States,Swimming,
People's Republic of China,China,Swimming,
Australia,Australia,Swimming,
People's Republic of China,China,Swimming,
United States of America,United States,Swimming,
United States of America,United States,Swimming,
People's Republic of China,China,Swimming,
United States of America,United States,Swimming,
United States of America,United States,Swimming,
Brazil,Brazil,Swimming,
Australia,Australia,Swimming,
United States of America,United States,Swimming,
New Zealand,New Zealand,Rowing,Women's Pair
Great Britain,Great Britain,Swimming,
Republic of Korea,Korea,Archery,
United States of America,United States,Swimming,
Italy,Italy,Rowing,Lightweight Women's Double Sculls
United States of America,United States,Swimming,
People's Republic of China,China,Swimming,
Australia,Australia,Rowing,Men's Four
United States of America,United States,Swimming,
Israel,Israel,Swimming,
Poland,Poland,Swimming,
United States of America,United States,Swimming,
XU Shixiao / SUN Mengya,China,Canoe Sprint,Women's Canoe Double 500m
Australia,Australia,Swimming,
Poland,Poland,Swimming,
France,France,Swimming,
German Democratic Republic,German Dem. Republic,Swimming,
Australia,Australia,Swimming,
Australia,Australia,Swimming,
Italy,Italy,Swimming,
Australia,Australia,Rowing,Women's Double Sculls
Ireland,Ireland,Rowing,Lightweight Men's Double Sculls
People's Republic of China,China,Swimming,
Federal Republic of Germany,FRG,Swimming,
United States of America,United States,Rowing,Men's Eight
United States of America,United States,Swimming,
Australia,Australia,Rowing,Women's Four
People's Republic of China,China,Swimming,
United States of America,United States,Swimming,
Great Britain,Great Britain,Swimming,
CARRINGTON Lisa / REGAL Caitlin,New Zealand,Canoe Sprint,Women's Kayak Double 500m
United States of America,United States,Swimming,
Great Britain,Great Britain,Swimming,
Australia,Australia,Swimming,
People's Republic of China,China,Swimming,
Australia,Australia,Swimming,
Australia,Australia,Swimming,
New Zealand,New Zealand,Rowing,Men's Pair
Australia,Australia,Swimming,
Australia,Australia,Swimming,
MENG Guanliang / YANG Wenjun,China,Canoe Sprint,Men's Canoe Double 500m
Australia,Australia,Swimming,
Romania,Romania,Rowing,Women's Eight
Netherlands,Netherlands,Swimming,
United States of America,United States,Swimming,
Great Britain,Great Britain,Swimming,
United States of America,United States,Swimming,
United States of America,United States,Swimming,
United States of America,United States,Swimming,
Italy,Italy,Swimming,
New Zealand,New Zealand,Swimming,
United States of America,United States,Swimming,
United States of America,United States,Swimming,
United States of America,United States,Swimming,
Denmark,Denmark,Swimming,
Great Britain,Great Britain,Swimming,
Great Britain,Great Britain,Rowing,Lightweight Women's Double Sculls
Great Britain,Great Britain,Swimming,
Lithuania,Lithuania,Swimming,
People's Republic of China,China,Swimming,
Republic of Korea,Korea,Swimming,
France,France,Swimming,
Great Britain,Great Britain,Swimming,
Australia,Australia,Swimming,
United States of America,United States,Swimming,
United States of America,United States,Swimming,
South Africa,South Africa,Swimming,
United States of America,United States,Swimming,
People's Republic of China,China,Swimming,
United States of America,United States,Swimming,
South Africa,South Africa,Swimming,
People's Republic of China,China,Swimming,
Australia,Australia,Swimming,
KOROVASHKOV Alexey / SHTYL Ivan,Russian Federation,Canoe Sprint,Men's Canoe Double 500m
People's Republic of China,China,Swimming,
South Africa,South Africa,Swimming,
United States of America,United States,Swimming,
Netherlands,Netherlands,Rowing,Men's Quadruple Sculls
Australia,Australia,Swimming,
United States of America,United States,Swimming,
Russian Federation,Russian Federation,Swimming,
Netherlands,Netherlands,Swimming,
Republic of Korea,Korea,Archery,
VINCENT-LAPOINTE Laurence / VINCENT Katie,Canada,Canoe Sprint,Women's Canoe Double 500m
Canada,Canada,Swimming,
United States of America,United States,Swimming,
United States of America,United States,Swimming,
People's Republic of China,China,Shooting,
United States of America,United States,Shooting,
Australia,Australia,Swimming,
United States of America,United States,Swimming,
Australia,Australia,Swimming,
People's Republic of China,China,Swimming,
India,India,Shooting,
United States of America,United States,Swimming,
People's Republic of China,China,Swimming,
United States of America,United States,Swimming,
Australia,Australia,Swimming,
Germany,Germany,Swimming,
India,India,Shooting,
United States of America,United States,Swimming,
People's Republic of China,China,Swimming,
United States of America,United States,Swimming,
United States of America,United States,Swimming,
Croatia,Croatia,Rowing,Men's Double Sculls
United States of America,United States,Swimming,
Russian Federation,Russian Federation,Swimming,
Netherlands,Netherlands,Swimming,
Poland,Poland,Canoe Sprint,Women's Kayak Four 500m
Republic of Korea,Korea,Archery,
Australia,Australia,Swimming,
United States of America,United States,Swimming,
Republic of Korea,Korea,Archery,
Italy,Italy,Swimming,
Great Britain,Great Britain,Swimming,
People's Republic of China,China,Shooting,
Great Britain,Great Britain,Swimming,
Italy,Italy,Cycling Track,
Italy,Italy,Cycling Track,
United States of America,United States,Swimming,
Australia,Australia,Swimming,
Serbia,Serbia,Swimming,
United States of America,United States,Swimming,
United States of America,United States,Swimming,
Italy,Italy,Swimming,
United States of America,United States,Swimming,
United States of America,United States,Swimming,
Kuwait,Kuwait,Shooting,
New Zealand,New Zealand,Rowing,Women's Four
India,India,Shooting,
United States of America,United States,Swimming,
United States of America,United States,Swimming,
Great Britain,Great Britain,Swimming,
People's Republic of China,China,Swimming,
United States of America,United States,Swimming,
United States of America,United States,Swimming,
United States of America,United States,Swimming,
People's Republic of China,China,Swimming,
Russian Federation,Russian Federation,Swimming,
Germany,Germany,Swimming,
United States of America,United States,Swimming,
United States of America,United States,Swimming,
Great Britain,Great Britain,Athletics,
Australia,Australia,Athletics,
Nigeria,Nigeria,Athletics,
United States of America,United States,Athletics,
German Democratic Republic,German Dem. Republic,Athletics,
USSR,USSR,Athletics,
People's Republic of China,China,Athletics,
People's Republic of China,China,Athletics,
Brazil,Brazil,Athletics,
Australia,Australia,Athletics,
Australia,Australia,Athletics,
United States of America,United States,Athletics,
United States of America,United States,Athletics,
United States of America,United States,Athletics,
Brazil,Brazil,Athletics,
Australia,Australia,Athletics,
United States of America,United States,Athletics,
Jamaica,Jamaica,Athletics,
Brazil,Brazil,Athletics,
United States of America,United States,Athletics,
Bahrain,Bahrain,Athletics,
South Africa,South Africa,Athletics,
Great Britain,Great Britain,Athletics,
Japan,Japan,Athletics,
Brazil,Brazil,Athletics,
Australia,Australia,Athletics,
Poland,Poland,Athletics,
Botswana,Botswana,Athletics,
South Africa,South Africa,Athletics,
United States of America,United States,Athletics,
Jamaica,Jamaica,Athletics,
United States of America,United States,Athletics,
Côte d'Ivoire,Côte d'Ivoire,Athletics,
India,India,Athletics,
Colombia,Colombia,Athletics,
Australia,Australia,Athletics,
Kenya,Kenya,Athletics,
Medvedev / Safiullin,AIN,Tennis,Men's Doubles
Gonzalez / Molteni,Argentina,Tennis,Men's Doubles
Etcheverry / Navone,Argentina,Tennis,Men's Doubles
Popyrin / de Minaur,Australia,Tennis,Men's Doubles
Ebden / Peers,Australia,Tennis,Men's Doubles
Gille / Vliegen,Belgium,Tennis,Men's Doubles
Monteiro / Seyboth Wild,Brazil,Tennis,Men's Doubles
Auger-Aliassime / Raonic,Canada,Tennis,Men's Doubles
Jarry / Tabilo,Chile,Tennis,Men's Doubles
Mektic / Pavic,Croatia,Tennis,Men's Doubles
Machac / Pavlasek,Czechia,Tennis,Men's Doubles
Alcaraz / Nadal,Spain,Tennis,Men's Doubles
Carreno Busta / Granollers,Spain,Tennis,Men's Doubles
Monfils / Roger-Vasselin,France,Tennis,Men's Doubles
Fils / Humbert,France,Tennis,Men's Doubles
Salisbury / Skupski,Great Britain,Tennis,Men's Doubles
Evans / Murray,Great Britain,Tennis,Men's Doubles
Krawietz / Puetz,Germany,Tennis,Men's Doubles
Koepfer / Struff,Germany,Tennis,Men's Doubles
Tsitsipas / Tsitsipas,Greece,Tennis,Men's Doubles
Fucsovics / Marozsan,Hungary,Tennis,Men's Doubles
Balaji / Bopanna,India,Tennis,Men's Doubles
Darderi / Musetti,Italy,Tennis,Men's Doubles
Bolelli / Vavassori,Italy,Tennis,Men's Doubles
Daniel / Nishikori,Japan,Tennis,Men's Doubles
Bublik / Nedovyesov,Kazakhstan,Tennis,Men's Doubles
Habib / Hassan,Lebanon,Tennis,Men's Doubles
Griekspoor / Koolhof,Netherlands,Tennis,Men's Doubles
Haase / Rojer,Netherlands,Tennis,Men's Doubles
Hurkacz / Zielinski,Poland,Tennis,Men's Doubles
Borges / Cabral,Portugal,Tennis,Men's Doubles
Fritz / Paul,United States,Tennis,Men's Doubles
Krajicek / Ram,United States,Tennis,Men's Doubles
Alexandrova / Vesnina,AIN,Tennis,Women's Doubles
Andreeva / Shnaider,AIN,Tennis,Women's Doubles
Carle / Podoroska,Argentina,Tennis,Women's Doubles
Perez / Saville,Australia,Tennis,Women's Doubles
Gadecki / Tomljanovic,Australia,Tennis,Women's Doubles
Haddad Maia / Stefani,Brazil,Tennis,Women's Doubles
Dabrowski / Fernandez,Canada,Tennis,Women's Doubles
Yuan / Zhang,China,Tennis,Women's Doubles
Wang / Zheng,China,Tennis,Women's Doubles
Muchova / Noskova,Czechia,Tennis,Women's Doubles
Krejcikova / Siniakova,Czechia,Tennis,Women's Doubles
Bucsa / Sorribes Tormo,Spain,Tennis,Women's Doubles
Garcia / Parry,France,Tennis,Women's Doubles
Burel / Gracheva,France,Tennis,Women's Doubles
Boulter / Watson,Great Britain,Tennis,Women's Doubles
Kerber / Siegemund,Germany,Tennis,Women's Doubles
Korpatsch / Maria,Germany,Tennis,Women's Doubles
Papamichail / Sakkari,Greece,Tennis,Women's Doubles
Errani / Paolini,Italy,Tennis,Women's Doubles
Bronzetti / Cocciaretto,Italy,Tennis,Women's Doubles
Aoyama / Shibahara,Japan,Tennis,Women's Doubles
Rus / Schuurs,Netherlands,Tennis,Women's Doubles
Routliffe / Sun,New Zealand,Tennis,Women's Doubles
Linette / Rosolska,Poland,Tennis,Women's Doubles
Begu / Niculescu,Romania,Tennis,Women's Doubles
Bogdan / Cristian,Romania,Tennis,Women's Doubles
Hsieh / Tsao,Chinese Taipei,Tennis,Women's Doubles
Chan / Chan,Chinese Taipei,Tennis,Women's Doubles
Kostyuk / Yastremska,Ukraine,Tennis,Women's Doubles
Kichenok / Kichenok,Ukraine,Tennis,Women's Doubles
Gauff / Pegula,United States,Tennis,Women's Doubles
Collins / Krawczyk,United States,Tennis,Women's Doubles
Andreeva / Medvedev,AIN,Tennis,Mixed Doubles
Podoroska / Gonzalez,Argentina,Tennis,Mixed Doubles
Perez / Ebden,Australia,Tennis,Mixed Doubles
Stefani / Seyboth Wild,Brazil,Tennis,Mixed Doubles
Dabrowski / Auger-Aliassime,Canada,Tennis,Mixed Doubles
Wang / Zhang,China,Tennis,Mixed Doubles
Vekic / Pavic,Croatia,Tennis,Mixed Doubles
Siniakova / Machac,Czechia,Tennis,Mixed Doubles
Wozniacki / Rune,Denmark,Tennis,Mixed Doubles
Sorribes Tormo / Granollers,Spain,Tennis,Mixed Doubles
Garcia / Roger-Vasselin,France,Tennis,Mixed Doubles
Watson / Salisbury,Great Britain,Tennis,Mixed Doubles
Siegemund / Zverev,Germany,Tennis,Mixed Doubles
Sakkari / Tsitsipas,Greece,Tennis,Mixed Doubles
Errani / Vavassori,Italy,Tennis,Mixed Doubles
Shibahara / Nishikori,Japan,Tennis,Mixed Doubles
Schuurs / Koolhof,Netherlands,Tennis,Mixed Doubles
Golubic / Wawrinka,Switzerland,Tennis,Mixed Doubles
Gauff / Fritz,United States,Tennis,Mixed Doubles
Australia,Australia,Triathlon,Mixed Relay
Austria,Austria,Triathlon,Mixed Relay
Belgium,Belgium,Triathlon,Mixed Relay
Brazil,Brazil,Triathlon,Mixed Relay
Spain,Spain,Triathlon,Mixed Relay
France,France,Triathlon,Mixed Relay
Great Britain,Great Britain,Triathlon,Mixed Relay
Germany,Germany,Triathlon,Mixed Relay
Italy,Italy,Triathlon,Mixed Relay
Mexico,Mexico,Triathlon,Mixed Relay
Netherlands,Netherlands,Triathlon,Mixed Relay
Norway,Norway,Triathlon,Mixed Relay
New Zealand,New Zealand,Triathlon,Mixed Relay
Portugal,Portugal,Triathlon,Mixed Relay
Switzerland,Switzerland,Triathlon,Mixed Relay
United States of America,United States,Triathlon,Mixed Relay
Australia,Australia,Table Tennis,Men's Team
Brazil,Brazil,Table Tennis,Men's Team
Canada,Canada,Table Tennis,Men's Team
People's Republic of China,China,Table Tennis,Men's Team
Croatia,Croatia,Table Tennis,Men's Team
Denmark,Denmark,Table Tennis,Men's Team
Egypt,Egypt,Table Tennis,Men's Team
France,France,Table Tennis,Men's Team
Germany,Germany,Table Tennis,Men's Team
India,India,Table Tennis,Men's Team
Japan,Japan,Table Tennis,Men's Team
Republic of Korea,Korea,Table Tennis,Men's Team
Portugal,Portugal,Table Tennis,Men's Team
Slovenia,Slovenia,Table Tennis,Men's Team
Sweden,Sweden,Table Tennis,Men's Team
Chinese Taipei,Chinese Taipei,Table Tennis,Men's Team
Australia,Australia,Table Tennis,Women's Team
Brazil,Brazil,Table Tennis,Women's Team
People's Republic of China,China,Table Tennis,Women's Team
Egypt,Egypt,Table Tennis,Women's Team
France,France,Table Tennis,Women's Team
Germany,Germany,Table Tennis,Women's Team
"Hong Kong, China","Hong Kong, China",Table Tennis,Women's Team
India,India,Table Tennis,Women's Team
Japan,Japan,Table Tennis,Women's Team
Republic of Korea,Korea,Table Tennis,Women's Team
Poland,Poland,Table Tennis,Women's Team
Romania,Romania,Table Tennis,Women's Team
Sweden,Sweden,Table Tennis,Women's Team
Thailand,Thailand,Table Tennis,Women's Team
Chinese Taipei,Chinese Taipei,Table Tennis,Women's Team
United States of America,United States,Table Tennis,Women's Team
LUM Nicholas / JEE Minhyung,Australia,Table Tennis,Mixed Doubles
ISHIY Vitor / TAKAHASHI Bruna,Brazil,Table Tennis,Mixed Doubles
WANG Chuqin / SUN Yingsha,China,Table Tennis,Mixed Doubles
CAMPOS Jorge / FONSECA Daniela,Cuba,Table Tennis,Mixed Doubles
ASSAR Omar / MESHREF Dina,Egypt,Table Tennis,Mixed Doubles
ROBLES Alvaro / XIAO Maria,Spain,Table Tennis,Mixed Doubles
LEBRUN Alexis / YUAN Jia Nan,France,Table Tennis,Mixed Doubles
QIU Dang / MITTELHAM Nina,Germany,Table Tennis,Mixed Doubles
WONG Chun Ting / DOO Hoi Kem,"Hong Kong, China",Table Tennis,Mixed Doubles
ECSEKI Nandor / MADARASZ Dora,Hungary,Table Tennis,Mixed Doubles
HARIMOTO Tomokazu / HAYATA Hina,Japan,Table Tennis,Mixed Doubles
LIM Jonghoon / SHIN Yubin,Korea,Table Tennis,Mixed Doubles
RI Jong Sik / KIM Kum Yong,DPR Korea,Table Tennis,Mixed Doubles
IONESCU Ovidiu / SZOCS Bernadette,Romania,Table Tennis,Mixed Doubles
KARLSSON Kristian / KALLBERG Christina,Sweden,Table Tennis,Mixed Doubles
LIN Yun-Ju / CHEN Szu-Yu,Chinese Taipei,Table Tennis,Mixed Doubles
Hodges/Schubert,Australia,Beach Volleyball,Men
Nicolaidis/Carracher,Australia,Beach Volleyball,Men
Horl/Horst,Austria,Beach Volleyball,Men
George/Andre,Brazil,Beach Volleyball,Men
Evandro/Arthur,Brazil,Beach Volleyball,Men
Schachter/Dearing,Canada,Beach Volleyball,Men
M.Grimalt/E.Grimalt,Chile,Beach Volleyball,Men
Diaz/Alayo,Cuba,Beach Volleyball,Men
Perusic/Schweiner,Czechia,Beach Volleyball,Men
Herrera/Gavira,Spain,Beach Volleyball,Men
Krou/Gauthier-Rat,France,Beach Volleyball,Men
Bassereau/Lyneel,France,Beach Volleyball,Men
Ehlers/Wickler,Germany,Beach Volleyball,Men
Cottafava/Nicolai,Italy,Beach Volleyball,Men
Ranghieri/Carambula,Italy,Beach Volleyball,Men
Abicha/Elgraoui,Morocco,Beach Volleyball,Men
Boermans/de Groot,Netherlands,Beach Volleyball,Men
van de Velde/Immers,Netherlands,Beach Volleyball,Men
Mol/Sorum,Norway,Beach Volleyball,Men
Bryl/Losiak,Poland,Beach Volleyball,Men
Cherif/Ahmed,Qatar,Beach Volleyball,Men
Ahman/Hellvig,Sweden,Beach Volleyball,Men
Partain/Benesh,United States,Beach Volleyball,Men
Evans/Budinger,United States,Beach Volleyball,Men
Mariafe/Clancy,Australia,Beach Volleyball,Women
Ana Patricia/Duda,Brazil,Beach Volleyball,Women
Carol/Barbara,Brazil,Beach Volleyball,Women
Melissa/Brandie,Canada,Beach Volleyball,Women
Bansley/Bukovec,Canada,Beach Volleyball,Women
Xue/X.Y.Xia,China,Beach Volleyball,Women
Hermannova/Stochlova,Czechia,Beach Volleyball,Women
Marwa/D. Elghobashy,Egypt,Beach Volleyball,Women
Alvarez M/Moreno,Spain,Beach Volleyball,Women
Liliana/Paula,Spain,Beach Volleyball,Women
Vieira/Chamereau,France,Beach Volleyball,Women
Placette/Richard,France,Beach Volleyball,Women
Muller/Tillmann,Germany,Beach Volleyball,Women
Ludwig/Lippmann,Germany,Beach Volleyball,Women
Gottardi/Menegatti,Italy,Beach Volleyball,Women
Akiko/Ishii,Japan,Beach Volleyball,Women
Tina/Anastasija,Latvia,Beach Volleyball,Women
Paulikiene/Raupelyte,Lithuania,Beach Volleyball,Women
Stam/Schoon,Netherlands,Beach Volleyball,Women
Poletti/Michelle,Paraguay,Beach Volleyball,Women
Huberli/Brunner,Switzerland,Beach Volleyball,Women
Esmee/Zoe,Switzerland,Beach Volleyball,Women
Nuss/Kloth,United States,Beach Volleyball,Women
Hughes/Cheng,United States,Beach Volleyball,Women
Argentina,Argentina,Volleyball,Men
Brazil,Brazil,Volleyball,Men
Canada,Canada,Volleyball,Men
Egypt,Egypt,Volleyball,Men
France,France,Volleyball,Men
Germany,Germany,Volleyball,Men
Italy,Italy,Volleyball,Men
Japan,Japan,Volleyball,Men
Poland,Poland,Volleyball,Men
Slovenia,Slovenia,Volleyball,Men
Serbia,Serbia,Volleyball,Men
United States of America,United States,Volleyball,Men
Brazil,Brazil,Volleyball,Women
People's Republic of China,China,Volleyball,Women
Dominican Republic,Dominican Republic,Volleyball,Women
France,France,Volleyball,Women
Italy,Italy,Volleyball,Women
Japan,Japan,Volleyball,Women
Kenya,Kenya,Volleyball,Women
Netherlands,Netherlands,Volleyball,Women
Poland,Poland,Volleyball,Women
Serbia,Serbia,Volleyball,Women
Türkiye,Türkiye,Volleyball,Women
United States of America,United States,Volleyball,Women
Australia,Australia,Water Polo,Men
Croatia,Croatia,Water Polo,Men
Spain,Spain,Water Polo,Men
France,France,Water Polo,Men
Greece,Greece,Water Polo,Men
Hungary,Hungary,Water Polo,Men
Italy,Italy,Water Polo,Men
Japan,Japan,Water Polo,Men
Montenegro,Montenegro,Water Polo,Men
Romania,Romania,Water Polo,Men
Serbia,Serbia,Water Polo,Men
United States of America,United States,Water Polo,Men
Australia,Australia,Water Polo,Women
Canada,Canada,Water Polo,Women
People's Republic of China,China,Water Polo,Women
Spain,Spain,Water Polo,Women
France,France,Water Polo,Women
Greece,Greece,Water Polo,Women
Hungary,Hungary,Water Polo,Women
Italy,Italy,Water Polo,Women
Netherlands,Netherlands,Water Polo,Women
United States of America,United States,Water Polo,Women
